filename,split,label,sigma,rho,beta,n_puntos,elevacion,umap_0,umap_1,umap_2,umap_3,umap_4
train_0000.png,train,0,9.8541,28.4404,3.9002,73373,130.9,0.309009,0.555046,0.950091,0.719722,0.727212
train_0001.png,train,0,9.1773,29.0336,3.2953,87605,125.65,0.196223,0.629197,0.647663,0.869532,0.698048
train_0002.png,train,0,8.4314,28.3069,3.8016,72444,165.71,0.071902,0.538368,0.900805,0.709939,0.920634
train_0003.png,train,0,10.1807,27.0261,3.6972,73460,147.06,0.363453,0.378265,0.848603,0.720633,0.816984
train_0004.png,train,0,8.688,28.5968,3.703,85318,176.79,0.114667,0.5746,0.851506,0.845455,0.982153
train_0005.png,train,0,9.8087,29.1527,3.3742,93140,141.94,0.301453,0.644087,0.687086,0.927792,0.788576
train_0006.png,train,0,10.4466,27.6774,3.2413,64309,126.97,0.407759,0.459675,0.620661,0.62431,0.705363
train_0007.png,train,0,8.3376,28.4436,3.6694,78092,154.81,0.05626,0.555446,0.834721,0.769399,0.860061
train_0008.png,train,0,9.418,28.9192,3.1909,87037,152.41,0.236337,0.614895,0.595441,0.863556,0.846704
train_0009.png,train,0,12.0693,27.243,2.2446,10052,56.72,0.678214,0.405376,0.122317,0.053182,0.315119
train_0010.png,train,0,13.8544,26.5957,2.4231,27900,12.74,0.975737,0.324464,0.211564,0.24106,0.070785
train_0011.png,train,0,9.5513,28.7779,3.646,87782,135.02,0.258548,0.597241,0.823006,0.87139,0.750111
train_0012.png,train,0,8.729,29.5115,3.8822,93227,159.2,0.121495,0.688937,0.941108,0.92871,0.884423
train_0013.png,train,0,9.323,29.0836,3.7876,89235,161.98,0.220492,0.635452,0.893812,0.886686,0.899905
train_0014.png,train,0,8.9288,28.5372,3.5402,75379,132.84,0.154794,0.567148,0.77009,0.740832,0.737987
train_0015.png,train,0,9.9489,28.6563,3.474,70752,105.76,0.324823,0.582039,0.736985,0.692129,0.587573
train_0016.png,train,1,13.673,29.0576,3.1198,51511,17.6,0.945503,0.632203,0.559903,0.489597,0.097787
train_0017.png,train,0,9.222,29.1664,3.9038,91022,150.49,0.20366,0.645796,0.951884,0.905503,0.836033
train_0018.png,train,0,8.5775,28.0352,3.6559,76034,174.35,0.096254,0.504397,0.827928,0.747735,0.968585
train_0019.png,train,0,13.5184,27.0059,2.8855,29476,32.48,0.919731,0.375743,0.442749,0.257651,0.180448
train_0020.png,train,0,9.0671,28.8659,3.8567,93027,146.1,0.17785,0.608243,0.928353,0.926602,0.811682
train_0021.png,train,1,13.0321,25.0239,2.5458,38873,46.69,0.83869,0.127994,0.272921,0.356558,0.259373
train_0022.png,train,0,10.5655,28.1624,3.2001,63877,104.29,0.427587,0.520296,0.600055,0.619767,0.579365
train_0023.png,train,1,11.3624,27.3338,3.0529,49597,74.29,0.560401,0.416724,0.526434,0.469444,0.412742
train_0024.png,train,0,8.973,27.4461,3.6096,67873,136.13,0.162168,0.430759,0.804789,0.661822,0.756279
train_0025.png,train,0,10.9332,27.999,3.408,72924,109.34,0.488869,0.499872,0.703994,0.714997,0.607456
train_0026.png,train,0,11.9926,26.9857,2.3978,14242,60.38,0.665434,0.373212,0.198901,0.097291,0.335438
train_0027.png,train,1,13.5603,24.1141,2.3056,33777,30.64,0.92672,0.014266,0.152783,0.302924,0.170225
train_0028.png,train,0,12.7627,28.5719,2.1388,6422,31.92,0.793787,0.571491,0.069389,0.014969,0.177322
train_0029.png,train,1,12.8398,28.2926,2.6215,43588,25.32,0.806634,0.536575,0.310762,0.406196,0.140694
train_0030.png,train,1,13.6453,28.0292,3.1981,47693,29.47,0.940891,0.503654,0.599038,0.44941,0.163719
train_0031.png,train,0,8.6795,30.0482,3.6389,82145,140.28,0.113257,0.75603,0.819446,0.812062,0.779318
train_0032.png,train,0,13.3035,24.7997,2.4238,42779,38.3,0.88391,0.099963,0.211909,0.397678,0.21277
train_0033.png,train,0,12.9507,26.3446,2.3034,10668,38.86,0.825117,0.29308,0.151722,0.059664,0.215901
train_0034.png,train,0,10.1298,26.7999,3.1423,71711,133.47,0.354964,0.349982,0.571144,0.702223,0.741476
train_0035.png,train,1,13.7796,26.8411,2.0821,31367,5.99,0.96327,0.355139,0.041053,0.277548,0.033276
train_0036.png,train,0,9.0873,27.3957,3.584,71210,169.09,0.181221,0.424465,0.791978,0.69695,0.939403
train_0037.png,train,1,13.5222,28.7056,3.0516,57406,19.67,0.920365,0.588198,0.525784,0.551648,0.109278
train_0038.png,train,1,12.8693,28.7939,2.8017,53751,43.39,0.811552,0.599237,0.400855,0.513177,0.241074
train_0039.png,train,0,9.5538,27.7719,3.6123,82946,169.08,0.258964,0.471492,0.806171,0.820493,0.939328
train_0040.png,train,0,9.4568,28.9547,3.1497,94679,137.39,0.242807,0.619343,0.574844,0.943994,0.763297
train_0041.png,train,1,11.6147,27.4854,3.1616,59814,78.68,0.602452,0.435681,0.580805,0.576995,0.437107
train_0042.png,train,0,9.5124,27.7692,3.6861,79290,169.14,0.252066,0.471147,0.843046,0.782007,0.93965
train_0043.png,train,0,10.7412,26.9665,2.9725,67618,134.34,0.456859,0.370813,0.486241,0.659143,0.746307
train_0044.png,train,0,8.2812,30.3817,3.5903,90495,150.5,0.04687,0.797714,0.795159,0.899949,0.836106
train_0045.png,train,0,10.2066,28.8553,3.443,71601,123.57,0.367771,0.606916,0.721497,0.701064,0.686524
train_0046.png,train,1,13.2038,28.6248,2.6938,54085,17.23,0.867293,0.578095,0.346922,0.516688,0.095721
train_0047.png,train,0,8.8606,27.8694,3.5583,69152,132.61,0.143441,0.483681,0.77916,0.67529,0.736696
train_0048.png,train,1,12.9326,28.7172,2.7667,61122,29.07,0.822093,0.589655,0.383368,0.590764,0.161509
train_0049.png,train,1,13.6725,28.3324,2.458,32571,8.9,0.94542,0.541547,0.229022,0.290231,0.049468
train_0050.png,train,1,10.5559,27.0669,3.1764,67216,132.45,0.425989,0.383366,0.588191,0.654906,0.735849
train_0051.png,train,1,13.4978,28.7459,2.2471,36939,5.61,0.916303,0.593233,0.123544,0.336209,0.031148
train_0052.png,train,0,13.0057,27.1811,2.201,8775,32.86,0.83428,0.397635,0.100498,0.039743,0.182558
train_0053.png,train,0,12.7688,28.3816,2.6468,51643,36.01,0.794798,0.547699,0.323377,0.490979,0.200083
train_0054.png,train,1,12.542,27.912,2.9515,57851,42.61,0.757001,0.488998,0.475751,0.556328,0.236748
train_0055.png,train,1,13.0849,28.6783,2.7113,47915,22.76,0.847489,0.584792,0.355654,0.451741,0.12644
train_0056.png,train,1,13.3045,28.505,2.9159,45302,22.52,0.884084,0.563131,0.457975,0.424242,0.125136
train_0057.png,train,0,8.386,28.8863,3.9013,75042,169.78,0.064334,0.610793,0.950661,0.737293,0.943238
train_0058.png,train,0,9.1563,29.4419,3.4374,87290,126.09,0.192717,0.680241,0.718677,0.866213,0.700482
train_0059.png,train,0,13.429,25.0939,2.1802,27882,28.04,0.904825,0.136733,0.090111,0.240869,0.155803
train_0060.png,train,0,9.5908,28.7355,3.302,87705,139.84,0.265134,0.591933,0.651014,0.870581,0.776914
train_0061.png,train,1,12.9207,28.9506,2.6685,54917,25.46,0.820124,0.618823,0.334244,0.525444,0.141438
train_0062.png,train,0,9.1341,29.0113,3.8532,93196,166.26,0.189022,0.626409,0.926623,0.928385,0.923688
train_0063.png,train,1,10.2734,28.6125,3.4829,66970,111.82,0.378893,0.576559,0.741438,0.652319,0.621213
train_0064.png,train,1,11.028,27.2584,3.1616,66532,107.57,0.504669,0.407295,0.580821,0.647714,0.59761
train_0065.png,train,0,8.7017,29.0596,3.5813,97002,157.47,0.116955,0.632453,0.790661,0.968446,0.874811
train_0066.png,train,0,9.052,29.2232,3.9045,86775,144.07,0.175332,0.652898,0.952268,0.860795,0.800366
train_0067.png,train,1,12.1453,28.0209,3.0616,58447,58.16,0.690877,0.502609,0.5308,0.562602,0.32313
train_0068.png,train,0,13.3829,25.5462,2.5445,44917,35.03,0.897158,0.193274,0.272238,0.42018,0.194619
train_0069.png,train,0,9.2619,29.7052,3.5765,84667,155.36,0.210317,0.713147,0.788253,0.8386,0.863123
train_0070.png,train,0,10.0611,28.7448,3.4227,74677,116.18,0.343515,0.593104,0.71136,0.733446,0.645468
train_0071.png,train,0,10.9194,27.9361,3.3095,74537,120.78,0.486573,0.492015,0.654747,0.731978,0.671026
train_0072.png,train,0,9.861,28.6535,3.9249,78037,140.86,0.310168,0.58169,0.962429,0.768818,0.78255
train_0073.png,train,0,9.8678,29.4385,3.3822,86349,123.53,0.311305,0.679817,0.691105,0.856315,0.68628
train_0074.png,train,1,10.903,27.252,3.5092,72069,132.44,0.483831,0.406501,0.754608,0.705995,0.735773
train_0075.png,train,0,9.8661,29.2709,3.2616,93754,137.24,0.311021,0.658859,0.630821,0.934261,0.76244
train_0076.png,train,0,12.0669,27.8372,2.9751,52101,53.18,0.67782,0.479644,0.487561,0.495808,0.295456
train_0077.png,train,0,10.3419,27.5367,3.3908,68890,134.12,0.39031,0.442084,0.695417,0.672536,0.745101
train_0078.png,train,1,11.3189,26.0765,3.0236,74833,111.52,0.553152,0.259566,0.511807,0.735093,0.619546
train_0079.png,train,0,8.733,28.7066,3.7012,73816,173.09,0.122167,0.588319,0.850605,0.724388,0.961606
train_0080.png,train,0,9.8227,26.6988,3.3425,73713,135.74,0.303783,0.337346,0.671259,0.723296,0.754118
train_0081.png,train,0,9.759,27.1297,3.6944,73706,160.5,0.293165,0.391214,0.847219,0.723225,0.89168
train_0082.png,train,1,13.5591,28.6071,3.111,54077,22.26,0.926509,0.575892,0.555485,0.516611,0.123653
train_0083.png,train,0,9.3844,28.9894,3.9688,90874,152.45,0.230737,0.623671,0.9844,0.903938,0.846934
train_0084.png,train,0,8.7258,27.5371,3.6151,72899,169.49,0.120962,0.442133,0.807572,0.714734,0.941632
train_0085.png,train,0,11.0589,27.0141,3.3846,71780,128.46,0.509812,0.376765,0.692319,0.70295,0.713682
train_0086.png,train,1,13.7928,26.5737,2.1022,23438,9.7,0.965474,0.32171,0.051122,0.194086,0.053886
train_0087.png,train,0,8.9776,27.942,3.694,77499,176.16,0.162928,0.492746,0.846994,0.763155,0.978669
train_0088.png,train,0,12.8153,28.7288,2.2191,5000,28.86,0.80255,0.591104,0.109551,0.0,0.160312
train_0089.png,train,0,9.8067,29.056,3.3263,89510,136.26,0.301119,0.631994,0.663134,0.889582,0.756983
train_0090.png,train,0,8.4339,28.6571,3.721,78382,169.95,0.072312,0.582139,0.860494,0.772443,0.944193
train_0091.png,train,0,9.8513,28.6391,3.9269,86598,157.81,0.308548,0.579886,0.963432,0.858935,0.876743
train_0092.png,train,0,8.5392,28.4587,3.832,74076,173.59,0.089869,0.557335,0.916019,0.727124,0.964374
train_0093.png,train,0,9.0947,28.3571,3.6136,78086,136.27,0.182456,0.544635,0.806797,0.769331,0.757076
train_0094.png,train,1,12.8366,27.4171,2.6849,54073,36.42,0.806106,0.427143,0.342472,0.516559,0.202318
train_0095.png,train,1,8.3521,28.5805,3.6987,67044,150.51,0.058679,0.572559,0.849343,0.653102,0.836167
train_0096.png,train,1,9.0182,28.7575,3.2119,90697,141.89,0.169701,0.594686,0.605972,0.902083,0.788276
train_0097.png,train,0,8.2343,29.9863,3.5468,89136,146.76,0.039053,0.748284,0.773394,0.885645,0.815355
train_0098.png,train,0,10.487,26.831,2.9963,69477,140.1,0.414498,0.353877,0.498159,0.678706,0.778349
train_0099.png,train,1,13.8066,27.176,2.3335,30825,9.73,0.967767,0.396999,0.166775,0.271843,0.05403
train_0100.png,train,0,11.9502,27.8343,2.7984,60346,69.09,0.658375,0.479291,0.399187,0.582591,0.383841
train_0101.png,train,1,13.8486,26.4045,2.2873,26845,12.94,0.974763,0.300565,0.143636,0.229955,0.071913
train_0102.png,train,1,13.7714,27.4547,2.2697,25313,12.09,0.961907,0.431843,0.134862,0.213826,0.06716
train_0103.png,train,0,9.9142,29.3949,3.467,77185,127.67,0.319039,0.674369,0.733518,0.759846,0.709271
train_0104.png,train,1,13.858,27.1395,2.1039,28136,3.36,0.976329,0.392439,0.051935,0.243541,0.018647
train_0105.png,train,1,13.6006,24.1963,2.31,32072,28.78,0.933425,0.024535,0.155012,0.284975,0.159911
train_0106.png,train,1,12.9153,26.9924,2.5112,13621,39.22,0.819224,0.374054,0.255591,0.090753,0.217898
train_0107.png,train,1,13.0804,26.9624,2.4146,11925,33.88,0.846736,0.370295,0.207315,0.072901,0.188218
train_0108.png,train,1,13.1044,28.6419,2.8319,59520,19.66,0.850741,0.58024,0.415929,0.573899,0.109249
train_0109.png,train,0,8.8518,27.0879,3.5808,66293,147.47,0.141974,0.385984,0.790423,0.645196,0.819276
train_0110.png,train,1,12.4453,28.0384,2.1821,9665,43.21,0.740889,0.504805,0.09103,0.049107,0.240031
train_0111.png,train,0,8.7452,29.0593,3.1935,97528,149.87,0.124203,0.632413,0.596748,0.973986,0.832622
train_0112.png,train,1,12.7782,28.7647,2.107,7819,30.01,0.796373,0.595591,0.053497,0.029675,0.166713
train_0113.png,train,0,12.2428,27.3402,2.1733,8573,51.78,0.707134,0.417527,0.086635,0.037618,0.28767
train_0114.png,train,0,9.2821,28.4798,3.8144,89843,170.15,0.213678,0.559977,0.907203,0.893085,0.945302
train_0115.png,train,1,13.8729,27.2828,2.2207,26720,4.26,0.978814,0.410344,0.110371,0.228637,0.023665
train_0116.png,train,0,10.0199,26.7151,3.4305,65072,126.78,0.336647,0.339387,0.715231,0.632342,0.704355
train_0117.png,train,0,9.4916,27.8606,3.7525,87267,171.12,0.248606,0.482578,0.876268,0.865978,0.95066
train_0118.png,train,0,10.7751,27.5574,3.552,73253,128.5,0.462522,0.444677,0.775992,0.718454,0.713872
train_0119.png,train,0,9.3629,30.0685,3.4895,84443,152.3,0.227151,0.758563,0.744735,0.836245,0.846085
train_0120.png,train,1,13.3617,28.6569,2.6799,46025,14.27,0.893623,0.582116,0.339961,0.431849,0.079251
train_0121.png,train,0,9.2283,28.8652,3.9394,89510,161.62,0.204709,0.608148,0.969682,0.889579,0.897901
train_0122.png,train,0,8.2188,29.73,3.6282,85068,147.96,0.036469,0.716255,0.814089,0.842821,0.822021
train_0123.png,train,0,8.379,29.9974,3.6826,85784,147.55,0.063164,0.74968,0.841314,0.850359,0.819721
train_0124.png,train,1,13.0838,28.6457,2.7155,55919,18.79,0.8473,0.580711,0.357737,0.535997,0.104371
train_0125.png,train,0,10.1795,26.8701,3.427,70103,142.37,0.363247,0.358768,0.713498,0.685296,0.790966
train_0126.png,train,1,13.5269,28.3795,3.0155,51917,24.31,0.921143,0.547431,0.507737,0.493864,0.135032
train_0127.png,train,1,13.645,28.6594,3.0967,49056,21.39,0.940838,0.582424,0.548333,0.463747,0.118845
train_0128.png,train,1,13.4652,27.3961,2.5023,19048,22.29,0.910863,0.424517,0.251128,0.147883,0.123837
train_0129.png,train,0,9.0291,28.5664,3.4077,87315,139.06,0.17152,0.570805,0.703835,0.866483,0.772546
train_0130.png,train,0,9.2561,29.0066,3.5133,94469,154.16,0.209347,0.62583,0.756643,0.941783,0.856419
train_0131.png,train,1,12.69,28.1497,2.1607,7296,36.21,0.781669,0.518714,0.080357,0.024171,0.201152
train_0132.png,train,0,9.8261,28.9794,3.9991,75774,132.23,0.304356,0.622423,0.99957,0.744997,0.734613
train_0133.png,train,1,13.7847,25.588,2.5116,36930,23.18,0.96411,0.198496,0.255823,0.336113,0.128755
train_0134.png,train,0,8.2382,30.4692,3.44,93215,147.28,0.039699,0.808651,0.720008,0.928588,0.818246
train_0135.png,train,1,13.7068,26.5105,3.0249,44095,34.34,0.951134,0.313807,0.512456,0.411535,0.190791
train_0136.png,train,1,13.771,26.7261,2.1082,29898,7.78,0.961826,0.340765,0.054109,0.262093,0.043218
train_0137.png,train,1,13.4768,27.163,2.1639,13934,19.5,0.912808,0.395369,0.081956,0.094052,0.108336
train_0138.png,train,1,13.0526,28.7875,2.8086,61223,21.98,0.842093,0.598435,0.404282,0.591831,0.122102
train_0139.png,train,1,13.9094,26.6839,2.282,25081,6.33,0.984897,0.335493,0.140993,0.211383,0.035139
train_0140.png,train,0,13.1161,26.4863,2.5308,15721,37.45,0.852683,0.310787,0.265417,0.112856,0.208042
train_0141.png,train,0,10.437,28.394,3.3277,64570,119.97,0.406167,0.549248,0.663859,0.627056,0.666502
train_0142.png,train,0,10.6724,26.7348,3.4276,68017,133.62,0.445393,0.341849,0.713784,0.663338,0.742315
train_0143.png,train,1,13.4304,28.5436,2.726,56289,17.24,0.905068,0.567948,0.36301,0.539892,0.095785
train_0144.png,train,1,12.4959,28.3055,2.1451,11945,40.22,0.749319,0.538184,0.072574,0.073106,0.223465
train_0145.png,train,0,10.3277,26.8624,3.3002,62718,131.88,0.387943,0.357795,0.65009,0.607561,0.732684
train_0146.png,train,1,12.6826,27.1675,2.1535,9565,41.18,0.78043,0.395933,0.076771,0.048058,0.228784
train_0147.png,train,1,13.4964,24.5561,2.4682,41168,36.41,0.916067,0.069511,0.234077,0.380725,0.202256
train_0148.png,train,1,12.8743,27.2063,2.6198,45303,32.87,0.81238,0.400784,0.309882,0.424246,0.182636
train_0149.png,train,0,8.3134,29.0506,3.7978,80666,155.47,0.052234,0.631321,0.898895,0.796486,0.863703
train_0150.png,train,0,10.6589,27.0294,3.124,60470,119.78,0.443155,0.378675,0.562014,0.583895,0.665435
train_0151.png,train,0,8.4012,29.75,3.5174,96380,152.79,0.066861,0.718751,0.7587,0.961896,0.848853
train_0152.png,train,1,11.9012,27.0632,3.2078,61630,82.54,0.6502,0.382895,0.603883,0.596112,0.458572
train_0153.png,train,0,10.1477,27.8467,3.0575,78349,113.37,0.357958,0.480839,0.528751,0.772099,0.629829
train_0154.png,train,0,9.28,28.4119,3.361,89834,134.98,0.213338,0.55149,0.680515,0.892991,0.749873
train_0155.png,train,1,13.4654,27.5527,2.1941,15661,17.7,0.9109,0.444089,0.09703,0.112225,0.098319
train_0156.png,train,0,11.0889,27.5753,3.1233,52871,80.86,0.514822,0.446907,0.56164,0.503912,0.449201
train_0157.png,train,0,13.3282,28.5903,2.8021,43469,18.23,0.888036,0.573791,0.40105,0.404939,0.101289
train_0158.png,train,0,9.322,29.1519,3.787,76333,144.7,0.220342,0.643991,0.893515,0.750878,0.803876
train_0159.png,train,1,13.6097,24.8624,2.3724,28161,23.28,0.934948,0.107805,0.186185,0.243807,0.129311
train_0160.png,train,0,13.624,24.31,2.29,31864,27.35,0.937326,0.038744,0.145021,0.28278,0.151949
train_0161.png,train,1,13.7595,27.9213,3.2601,50988,28.41,0.959917,0.490167,0.630029,0.484094,0.157828
train_0162.png,train,0,9.2295,29.2333,3.2086,98039,140.5,0.20492,0.654159,0.604313,0.979368,0.780573
train_0163.png,train,0,10.5311,27.0114,3.1234,71659,147.3,0.421851,0.376424,0.5617,0.70168,0.818328
train_0164.png,train,0,9.0696,29.1556,3.7961,95652,158.6,0.178269,0.644451,0.898072,0.954232,0.8811
train_0165.png,train,0,9.6011,26.8759,3.3716,76809,149.11,0.266855,0.359489,0.685788,0.755894,0.82838
train_0166.png,train,0,9.7051,28.005,3.7039,97685,132.93,0.284178,0.500626,0.851963,0.975636,0.738518
train_0167.png,train,0,11.8866,27.3369,2.5244,22706,63.17,0.647768,0.41711,0.262193,0.186385,0.350942
train_0168.png,train,0,8.2759,29.847,3.6865,83937,146.72,0.045981,0.730878,0.843257,0.830925,0.815123
train_0169.png,train,0,10.0564,28.8539,3.5005,70420,108.94,0.342736,0.606741,0.750241,0.688636,0.605248
train_0170.png,train,0,9.6191,28.5145,3.2689,93768,136.21,0.269853,0.564316,0.634443,0.93441,0.756711
train_0171.png,train,0,12.5246,26.3374,2.218,9891,49.03,0.754095,0.292176,0.109025,0.051487,0.272363
train_0172.png,train,0,10.7485,27.0335,3.354,69789,140.41,0.458076,0.379186,0.677001,0.681996,0.780073
train_0173.png,train,0,9.3368,28.3548,3.5619,85147,143.22,0.2228,0.544349,0.780951,0.843659,0.79564
train_0174.png,train,1,13.6951,27.8193,2.6126,35848,16.06,0.949186,0.477411,0.30632,0.32472,0.089204
train_0175.png,train,1,13.7376,28.0756,2.2446,25389,3.93,0.956274,0.509453,0.122295,0.214631,0.021822
train_0176.png,train,0,9.2348,28.831,3.9207,92305,160.59,0.205803,0.603874,0.960362,0.919002,0.892158
train_0177.png,train,0,8.2393,30.3478,3.5634,88599,148.83,0.039885,0.793481,0.781725,0.879991,0.826855
train_0178.png,train,1,13.5712,28.0265,3.2571,52951,32.03,0.928538,0.503317,0.628553,0.504748,0.177963
train_0179.png,train,1,13.7036,28.017,2.3864,29843,11.17,0.950601,0.50212,0.193191,0.261512,0.062076
train_0180.png,train,0,10.663,26.9566,3.1101,66200,131.2,0.443834,0.36957,0.555034,0.644216,0.728898
train_0181.png,train,1,12.8014,28.7886,2.6179,57043,30.98,0.800229,0.59858,0.308938,0.547821,0.172109
train_0182.png,train,0,9.3076,29.6835,3.7967,87562,139.93,0.217942,0.710432,0.898332,0.869082,0.777384
train_0183.png,train,1,8.2735,29.208,3.8423,74150,154.68,0.04559,0.650996,0.921146,0.727895,0.859325
train_0184.png,train,1,13.6492,28.3732,2.3421,27341,8.28,0.941533,0.546649,0.171071,0.235175,0.046016
train_0185.png,train,1,11.8004,27.2001,2.9518,63750,83.93,0.633393,0.400013,0.475877,0.61843,0.466304
train_0186.png,train,0,8.6826,28.8209,3.6963,71465,159.19,0.113764,0.602613,0.848175,0.699641,0.88437
train_0187.png,train,0,8.1941,30.2921,3.5968,87620,147.23,0.032357,0.786514,0.798388,0.86969,0.817965
train_0188.png,train,0,9.6853,30.244,3.3791,87957,138.97,0.280885,0.780496,0.689569,0.87324,0.77204
train_0189.png,train,0,9.9925,29.1117,3.7925,73253,119.98,0.332076,0.63896,0.896244,0.718463,0.666567
train_0190.png,train,0,9.4903,28.964,3.9752,91548,164.28,0.248384,0.6205,0.987591,0.911032,0.912694
train_0191.png,train,0,9.6145,28.8557,3.2029,88136,118.15,0.269084,0.606964,0.601455,0.87512,0.656408
train_0192.png,train,1,12.6155,28.1511,2.1717,8062,38.15,0.769257,0.518888,0.085829,0.032237,0.211924
train_0193.png,train,0,10.8971,26.9113,3.055,67445,131.88,0.482854,0.363911,0.527516,0.657317,0.732639
train_0194.png,train,0,10.5938,27.1014,3.3387,71309,147.0,0.432303,0.387669,0.66936,0.697997,0.81664
train_0195.png,train,1,13.7625,28.2983,2.3808,31293,7.61,0.960425,0.537286,0.19042,0.27677,0.042261
train_0196.png,train,0,11.0518,27.0757,3.0884,66440,123.53,0.508634,0.384466,0.544219,0.646744,0.686289
train_0197.png,train,1,10.8272,27.6204,3.1877,71073,112.73,0.471195,0.452549,0.593836,0.695508,0.626289
train_0198.png,train,1,13.2844,28.7638,2.7819,54775,15.18,0.880739,0.595469,0.390937,0.523949,0.084333
train_0199.png,train,0,11.4447,26.8616,3.2605,64265,101.67,0.574114,0.357703,0.630229,0.623848,0.56481
train_0200.png,train,0,8.6645,29.2281,3.6805,95437,163.88,0.110752,0.653508,0.840254,0.951977,0.910472
train_0201.png,train,0,8.5458,29.1105,3.6346,89131,146.51,0.090968,0.638815,0.817308,0.885591,0.813953
train_0202.png,train,1,11.0689,27.5135,3.299,68131,110.76,0.51149,0.439189,0.649499,0.66454,0.615342
train_0203.png,train,0,11.6472,26.8879,3.2489,63033,95.76,0.607863,0.360989,0.624453,0.610883,0.532015
train_0204.png,train,0,11.9444,27.3281,2.192,9075,59.78,0.657395,0.416008,0.095979,0.042903,0.332103
train_0205.png,train,0,9.639,28.1441,3.5783,97901,130.67,0.27316,0.518019,0.789158,0.97791,0.725968
train_0206.png,train,0,8.31,29.6198,3.5685,87555,144.84,0.051665,0.70247,0.784233,0.869003,0.804664
train_0207.png,train,1,13.3023,28.2741,2.3473,44082,13.38,0.883724,0.534267,0.173665,0.4114,0.074306
train_0208.png,train,1,13.2944,24.1244,2.4396,32112,36.8,0.882399,0.015555,0.219816,0.2854,0.20444
train_0209.png,train,0,9.5688,29.3705,3.7056,79935,152.97,0.261468,0.671316,0.852809,0.788794,0.849809
train_0210.png,train,1,13.0068,28.5387,2.8534,57446,28.76,0.834464,0.567339,0.426693,0.552073,0.159784
train_0211.png,train,0,8.7618,29.6053,3.8014,76790,145.43,0.12696,0.700662,0.900696,0.755689,0.807923
train_0212.png,train,0,9.1106,29.3521,3.4128,88299,124.87,0.185092,0.669011,0.706416,0.876833,0.693735
train_0213.png,train,0,13.2844,26.9218,2.4006,13437,29.09,0.88074,0.365229,0.200308,0.08882,0.161639
train_0214.png,train,0,9.5917,27.6361,3.5906,82607,167.95,0.265287,0.454509,0.795286,0.81692,0.933036
train_0215.png,train,1,12.3938,27.6908,3.0169,59275,47.47,0.732294,0.461348,0.508457,0.571326,0.263736
train_0216.png,train,0,8.6139,27.7323,3.709,66887,151.43,0.102323,0.466541,0.854484,0.651442,0.841254
train_0217.png,train,1,12.2548,27.8086,2.9689,51193,48.98,0.709132,0.476073,0.484458,0.486248,0.272103
train_0218.png,train,1,12.7957,28.4313,2.7314,55131,21.4,0.79928,0.553911,0.365677,0.527698,0.118875
train_0219.png,train,1,13.0387,28.8825,2.7188,57297,20.04,0.839779,0.610311,0.35942,0.550505,0.111335
train_0220.png,train,1,13.1167,28.3702,2.6497,50407,17.46,0.852791,0.546272,0.324838,0.477978,0.097012
train_0221.png,train,0,10.2081,26.9404,3.5314,72343,148.7,0.36801,0.367553,0.765695,0.708881,0.826093
train_0222.png,train,0,10.8311,26.8581,3.1623,63429,124.93,0.471856,0.357261,0.581156,0.615044,0.69408
train_0223.png,train,0,8.3953,29.7688,3.5325,95640,157.38,0.065886,0.721106,0.766273,0.954115,0.874329
train_0224.png,train,0,13.7476,28.1473,2.7236,40095,14.14,0.95794,0.518413,0.361785,0.369424,0.078579
train_0225.png,train,0,10.7253,27.101,3.0893,60899,117.5,0.454222,0.387627,0.544635,0.588417,0.652764
train_0226.png,train,1,12.425,28.2244,2.247,19372,42.93,0.737504,0.528047,0.123491,0.151293,0.238475
train_0227.png,train,1,9.0171,28.1857,3.5366,74134,129.65,0.169521,0.523208,0.768317,0.727731,0.720253
train_0228.png,train,0,9.9657,28.9181,3.6196,87204,140.92,0.32762,0.614768,0.809779,0.865314,0.782873
train_0229.png,train,1,13.7336,25.7526,2.1532,34283,17.88,0.955592,0.219069,0.076617,0.308247,0.099327
train_0230.png,train,1,13.5352,28.7081,2.2457,36121,4.31,0.922528,0.588516,0.122848,0.327599,0.023953
train_0231.png,train,0,11.9762,27.4876,2.1883,9150,57.88,0.662697,0.435954,0.094161,0.043685,0.321551
train_0232.png,train,1,13.8927,26.1592,2.3231,25891,13.85,0.982117,0.269905,0.161564,0.219916,0.076963
train_0233.png,train,1,13.8335,26.3927,2.2277,25861,11.01,0.972249,0.299089,0.11385,0.219596,0.061167
train_0234.png,train,0,8.909,29.1904,3.1734,98153,145.13,0.151498,0.648805,0.586677,0.980558,0.806302
train_0235.png,train,0,8.2969,28.9151,3.7852,71962,153.29,0.049482,0.614385,0.892589,0.704866,0.851608
train_0236.png,train,1,10.4291,28.2177,3.5634,69813,119.06,0.404854,0.527213,0.781707,0.682249,0.661419
train_0237.png,train,0,12.3225,27.5498,2.1545,9534,49.22,0.720416,0.443726,0.077243,0.047731,0.273432
train_0238.png,train,1,13.5191,27.5417,3.0186,37786,31.18,0.919849,0.442714,0.509302,0.345117,0.17324
train_0239.png,train,1,12.7766,26.0353,2.3075,10179,44.47,0.796108,0.254412,0.15377,0.05452,0.247029
train_0240.png,train,0,8.7365,28.5865,3.7912,80987,178.89,0.122754,0.573318,0.895585,0.799864,0.993836
train_0241.png,train,0,10.2571,28.7226,3.3225,71138,124.11,0.376184,0.590327,0.661266,0.69619,0.68952
train_0242.png,train,0,9.0015,28.1866,3.6825,78913,177.03,0.166917,0.52333,0.841247,0.778034,0.983522
train_0243.png,train,0,8.2259,30.1193,3.6108,87752,145.99,0.037645,0.764918,0.805404,0.871076,0.811034
train_0244.png,train,1,13.7826,28.571,3.0643,50135,17.45,0.96376,0.571376,0.53215,0.475106,0.096936
train_0245.png,train,0,11.4137,26.8046,3.3157,64112,97.49,0.568945,0.350578,0.657873,0.622232,0.541633
train_0246.png,train,1,13.6227,25.6401,2.134,34813,20.45,0.937114,0.205008,0.06701,0.313828,0.11363
train_0247.png,train,1,12.9916,28.7938,2.6697,50886,27.87,0.831934,0.599226,0.334834,0.483018,0.154814
train_0248.png,train,0,9.568,28.6251,3.5899,80032,160.31,0.261335,0.578143,0.794937,0.789811,0.890636
train_0249.png,train,1,13.7182,26.6782,2.5727,41600,20.94,0.953031,0.334772,0.286353,0.385271,0.116334
train_0250.png,train,1,13.7412,27.7779,3.1707,45477,29.13,0.95686,0.472241,0.585349,0.426077,0.161836
train_0251.png,train,1,12.4764,26.6502,2.4422,12606,50.28,0.746072,0.331274,0.221124,0.080066,0.279315
train_0252.png,train,0,8.7255,28.3232,3.6372,83917,174.46,0.120913,0.540394,0.818578,0.830711,0.969231
train_0253.png,train,0,10.9127,27.8952,2.9419,58798,96.13,0.485455,0.486898,0.470956,0.566297,0.534064
train_0254.png,train,0,9.815,28.5361,3.8866,81324,141.18,0.302493,0.567017,0.94329,0.803412,0.784334
train_0255.png,train,1,13.3829,27.5075,2.8096,26065,30.69,0.897147,0.438434,0.404785,0.221744,0.170481
train_0256.png,train,1,11.0127,27.6752,3.0701,53114,84.58,0.502109,0.459396,0.53503,0.506468,0.469888
train_0257.png,train,0,10.8414,26.5615,2.9353,68226,138.0,0.47356,0.320183,0.467656,0.665541,0.766675
train_0258.png,train,0,8.0441,31.8489,2.2867,42176,82.4,0.00735,0.981114,0.14335,0.391335,0.457781
train_0259.png,train,0,8.5775,28.7988,3.7707,90720,157.7,0.096244,0.599848,0.885351,0.902321,0.876114
train_0260.png,train,0,11.5264,27.7276,3.15,53671,68.82,0.587726,0.465949,0.575008,0.512331,0.382313
train_0261.png,train,0,10.3003,26.7131,3.2939,61790,129.7,0.38339,0.339136,0.646937,0.59779,0.72058
train_0262.png,train,1,8.9371,29.4218,3.8129,78823,147.24,0.156189,0.677727,0.906453,0.777087,0.818012
train_0263.png,train,0,12.7461,28.6404,2.1309,5941,31.58,0.791013,0.580045,0.065461,0.009911,0.175455
train_0264.png,train,1,12.0699,28.0682,3.0643,59108,60.86,0.678324,0.508519,0.532129,0.56956,0.338117
train_0265.png,train,1,13.5392,28.6877,2.8184,59799,17.21,0.923194,0.585964,0.409214,0.576839,0.095631
train_0266.png,train,1,13.5982,28.4386,3.0333,46381,21.2,0.933028,0.554824,0.516674,0.435598,0.117793
train_0267.png,train,1,12.9212,28.5586,2.5164,51189,32.41,0.820205,0.569828,0.258197,0.486202,0.180042
train_0268.png,train,1,10.81,28.1143,3.3911,70636,105.53,0.468334,0.514284,0.69554,0.690915,0.586303
train_0269.png,train,0,11.8641,27.6632,2.0992,6907,60.22,0.64402,0.457898,0.049622,0.020078,0.334545
train_0270.png,train,1,13.468,28.321,2.768,38532,20.45,0.911338,0.54012,0.384017,0.352972,0.113606
train_0271.png,train,1,13.7262,27.1602,2.2712,36497,10.98,0.95437,0.395027,0.135604,0.331549,0.060998
train_0272.png,train,0,9.1813,28.5448,3.8703,90192,171.98,0.19689,0.568097,0.935144,0.89676,0.955457
train_0273.png,train,0,8.3347,28.15,3.5852,67763,144.18,0.055788,0.518755,0.792592,0.660671,0.801018
train_0274.png,train,0,9.9272,26.6153,3.4516,61098,125.33,0.321198,0.326906,0.725812,0.590513,0.696294
train_0275.png,train,0,8.8405,28.784,3.6387,72474,170.65,0.140086,0.598,0.819333,0.710256,0.948045
train_0276.png,train,1,12.9848,28.4967,2.8147,62520,30.31,0.830796,0.562089,0.407363,0.60548,0.168413
train_0277.png,train,0,8.8979,27.6519,3.4335,74382,173.85,0.149644,0.456487,0.716734,0.730341,0.965829
train_0278.png,train,0,9.0316,28.2735,3.5345,76022,130.89,0.171937,0.534188,0.767267,0.7476,0.727172
train_0279.png,train,0,8.8491,29.3614,3.7934,79761,145.98,0.141518,0.67018,0.896705,0.786962,0.811
train_0280.png,train,0,9.9992,27.4304,3.4196,72799,157.46,0.333203,0.428801,0.70981,0.713683,0.874798
train_0281.png,train,1,9.3813,29.004,3.2133,85996,119.21,0.230223,0.625498,0.606659,0.852591,0.662265
train_0282.png,train,0,8.3044,29.1827,3.8027,77030,151.91,0.050739,0.647843,0.901339,0.758218,0.84396
train_0283.png,train,0,9.9552,29.1411,3.8979,87421,145.73,0.325874,0.642635,0.94895,0.86759,0.809608
train_0284.png,train,1,13.0539,28.2232,2.737,55903,22.8,0.842313,0.527901,0.368509,0.535826,0.126655
train_0285.png,train,0,11.5978,27.769,3.1042,53523,66.79,0.599625,0.471129,0.552102,0.510774,0.371032
train_0286.png,train,0,11.5798,27.9981,2.7333,48913,74.58,0.596641,0.499758,0.366656,0.462252,0.414345
train_0287.png,train,1,12.187,27.8127,2.9767,53171,50.34,0.697828,0.476582,0.488372,0.507072,0.279657
train_0288.png,train,1,13.5954,27.2858,2.3192,43598,4.5,0.932573,0.41073,0.159616,0.406298,0.024997
train_0289.png,train,0,9.6094,28.7397,3.5657,82384,163.34,0.268233,0.592461,0.782838,0.814573,0.907465
train_0290.png,train,0,9.9023,28.7379,3.4868,72630,111.9,0.317053,0.59224,0.743413,0.711899,0.621646
train_0291.png,train,0,13.1112,26.1611,2.4244,13795,36.99,0.851868,0.270135,0.212213,0.092587,0.205485
train_0292.png,train,0,9.1226,29.2588,3.8145,95375,162.02,0.187092,0.657347,0.907228,0.951317,0.900104
train_0293.png,train,0,10.0551,28.8134,3.5396,70968,112.17,0.342511,0.601669,0.769796,0.694405,0.623176
train_0294.png,train,0,12.4935,28.1089,2.2163,12890,41.53,0.748909,0.513611,0.108154,0.083057,0.230712
train_0295.png,train,0,9.0285,28.8119,3.8283,94509,155.84,0.171418,0.601483,0.914129,0.942206,0.865767
train_0296.png,train,1,13.7789,25.9057,2.6549,39436,25.78,0.963147,0.23821,0.327452,0.362494,0.143207
train_0297.png,train,1,13.3227,26.6628,2.6299,49533,32.46,0.887116,0.332846,0.314941,0.468772,0.180353
train_0298.png,train,0,11.1732,27.3652,3.3119,68782,113.07,0.52887,0.420655,0.655966,0.6714,0.628164
train_0299.png,train,1,12.4501,28.0969,2.2144,13978,42.66,0.741687,0.512116,0.107211,0.094506,0.237028
train_0300.png,train,0,10.075,27.7534,3.5639,78154,161.2,0.345832,0.469179,0.781943,0.770052,0.895546
train_0301.png,train,1,13.906,26.1856,2.2788,28480,9.86,0.984326,0.273198,0.139391,0.247162,0.054773
train_0302.png,train,1,11.1923,27.5096,3.2068,70843,116.87,0.532055,0.438702,0.603381,0.693085,0.649287
train_0303.png,train,0,8.4081,29.5426,3.5642,96311,153.11,0.068024,0.69283,0.78209,0.961176,0.850623
train_0304.png,train,0,12.3176,27.6454,2.1803,8069,48.09,0.719606,0.455679,0.090129,0.03231,0.267189
train_0305.png,train,0,11.3118,27.7749,3.162,52805,73.88,0.551973,0.471863,0.581021,0.503214,0.410442
train_0306.png,train,0,10.5537,26.8304,3.1781,59363,116.57,0.425614,0.353802,0.589025,0.572252,0.647599
train_0307.png,train,1,13.668,26.7769,3.0352,42181,33.12,0.94467,0.347119,0.517604,0.391385,0.184017
train_0308.png,train,0,9.5255,27.3743,3.441,80424,153.27,0.254251,0.421784,0.720513,0.793939,0.851506
train_0309.png,train,1,13.6606,27.8186,3.2471,50063,31.24,0.943425,0.477323,0.62353,0.474348,0.173541
train_0310.png,train,1,13.9556,26.7619,2.1458,30846,3.5,0.992598,0.345241,0.072902,0.272065,0.01944
train_0311.png,train,0,9.8678,29.0977,3.7547,80914,147.66,0.311298,0.637215,0.877372,0.799099,0.820361
train_0312.png,train,0,9.8215,26.6941,3.4206,75579,149.15,0.303587,0.336759,0.710291,0.742941,0.828589
train_0313.png,train,1,8.04,31.8511,2.2693,41749,81.78,0.006673,0.981387,0.134633,0.386842,0.454326
train_0314.png,train,0,10.3532,27.3719,3.6866,75727,149.23,0.392197,0.421487,0.843317,0.744497,0.829051
train_0315.png,train,1,12.9197,29.0192,2.6495,58568,26.26,0.819951,0.627406,0.324725,0.563881,0.145897
train_0316.png,train,0,12.8516,26.0461,2.3369,11185,42.58,0.808595,0.255759,0.168474,0.065114,0.236575
train_0317.png,train,0,8.3811,28.5453,3.8575,71715,166.95,0.063513,0.568165,0.928736,0.70227,0.92752
train_0318.png,train,0,9.8022,29.1939,4.0,83873,148.71,0.300358,0.649237,1.0,0.830244,0.826175
train_0319.png,train,1,13.6434,25.7229,2.2234,35594,19.23,0.940566,0.215368,0.111715,0.32205,0.106855
train_0320.png,train,0,9.8756,27.9792,3.8646,83868,140.59,0.3126,0.497401,0.932298,0.830194,0.78106
train_0321.png,train,0,9.9128,26.4663,3.485,65826,138.56,0.318806,0.308294,0.742504,0.640283,0.769754
train_0322.png,train,0,9.6557,27.9064,3.7772,97322,137.06,0.275946,0.4883,0.888612,0.971818,0.761422
train_0323.png,train,1,13.5834,28.9161,2.9057,56878,14.2,0.93057,0.614516,0.45283,0.54609,0.078891
train_0324.png,train,0,9.2291,28.7556,3.8359,93035,162.86,0.204848,0.594445,0.917972,0.926693,0.904752
train_0325.png,train,0,11.1144,27.7861,2.9772,50113,80.24,0.519067,0.473261,0.488613,0.474881,0.445798
train_0326.png,train,0,9.7146,27.6432,3.5013,86178,142.4,0.285772,0.455399,0.750642,0.85451,0.79112
train_0327.png,train,0,9.5095,29.0246,3.9859,91905,161.76,0.251577,0.628075,0.992947,0.914796,0.898663
train_0328.png,train,1,13.4542,29.0799,2.9581,56222,17.92,0.909029,0.634989,0.479042,0.539181,0.09958
train_0329.png,train,1,12.2231,27.3775,2.2244,10276,52.21,0.703852,0.422189,0.112217,0.055545,0.290035
train_0330.png,train,1,13.6912,25.2579,2.6056,39494,30.64,0.948541,0.157232,0.302806,0.3631,0.170248
train_0331.png,train,0,8.2877,29.4736,3.7661,79201,150.58,0.047958,0.684194,0.883039,0.78107,0.83658
train_0332.png,train,0,9.5007,28.196,3.6518,98465,131.52,0.250112,0.524498,0.825897,0.983847,0.730693
train_0333.png,train,0,11.6841,27.1797,3.1545,64187,87.86,0.614011,0.397457,0.577227,0.623022,0.488128
train_0334.png,train,0,10.2598,28.8443,3.5385,69730,109.0,0.376628,0.605536,0.769236,0.681373,0.605547
train_0335.png,train,0,8.852,29.2299,3.8724,94286,162.17,0.141992,0.653733,0.936183,0.939863,0.90093
train_0336.png,train,0,9.5902,30.4928,3.4378,86805,139.98,0.265032,0.811599,0.718876,0.861113,0.777654
train_0337.png,train,0,11.3119,26.2083,3.1006,71404,117.89,0.551981,0.276038,0.550322,0.698992,0.654943
train_0338.png,train,0,8.3901,28.4924,3.8666,74418,167.84,0.065017,0.561549,0.933292,0.730722,0.932459
train_0339.png,train,0,10.4892,27.98,3.368,67074,132.53,0.41486,0.497506,0.684013,0.653413,0.736269
train_0340.png,train,1,13.1571,27.7692,2.8456,56897,35.29,0.859512,0.471144,0.422801,0.546293,0.19603
train_0341.png,train,1,10.8779,27.7384,3.4208,71517,106.88,0.479655,0.467299,0.710424,0.700188,0.593782
train_0342.png,train,0,8.4862,28.4665,3.6191,89280,160.01,0.081034,0.558309,0.809527,0.887159,0.88896
train_0343.png,train,1,13.616,25.8206,2.2714,35325,18.4,0.936,0.227578,0.135705,0.319211,0.102234
train_0344.png,train,0,8.6509,29.8255,3.817,93862,156.17,0.108483,0.728189,0.908501,0.935395,0.867624
train_0345.png,train,1,12.8632,28.3336,2.6485,49544,21.93,0.810526,0.541699,0.324247,0.468887,0.121825
train_0346.png,train,1,13.7725,25.2372,2.2187,29846,15.55,0.962088,0.154653,0.109335,0.261538,0.086376
train_0347.png,train,0,8.2012,29.9998,3.6552,85003,146.55,0.033535,0.749974,0.827611,0.842142,0.81419
train_0348.png,train,1,13.2449,28.1286,2.8248,40708,25.91,0.874155,0.516069,0.412391,0.375883,0.143924
train_0349.png,train,1,12.8977,27.3367,2.4649,13094,37.23,0.81629,0.417083,0.232451,0.085207,0.20685
train_0350.png,train,1,11.8453,27.0377,3.2819,60775,83.42,0.64089,0.379715,0.640929,0.587109,0.463467
train_0351.png,train,0,8.7725,29.1932,3.1876,98892,146.73,0.128744,0.649145,0.593809,0.988347,0.815151
train_0352.png,train,0,11.6226,27.6556,3.0346,69718,77.37,0.603763,0.456951,0.517287,0.681243,0.429814
train_0353.png,train,0,10.8918,27.7319,3.5386,71152,124.34,0.481964,0.466485,0.769304,0.69634,0.690755
train_0354.png,train,0,9.0995,28.673,3.3281,85856,133.43,0.183246,0.584125,0.664036,0.851117,0.741295
train_0355.png,train,0,8.3468,28.9837,3.8218,74253,155.88,0.057805,0.622957,0.910899,0.728989,0.865979
train_0356.png,train,1,13.6417,25.1052,2.2445,34537,22.27,0.940278,0.138151,0.122242,0.310918,0.123727
train_0357.png,train,0,9.3735,28.991,3.5844,86515,136.48,0.228921,0.623869,0.792213,0.858063,0.758237
train_0358.png,train,1,12.2153,28.1294,2.9724,55834,51.98,0.702553,0.516172,0.486214,0.535103,0.288782
train_0359.png,train,0,8.3611,28.7168,3.8827,72484,169.77,0.060182,0.589601,0.941369,0.710361,0.943141
train_0360.png,train,0,9.29,28.5358,3.4911,85762,142.32,0.215001,0.56698,0.745543,0.850129,0.790692
train_0361.png,train,0,10.0069,27.9906,3.5944,87744,144.12,0.334476,0.49882,0.79719,0.870995,0.800647
train_0362.png,train,1,13.7348,28.2825,2.9531,50388,17.89,0.955807,0.535318,0.476534,0.477771,0.099378
train_0363.png,train,1,8.7904,27.5485,3.6724,72334,167.27,0.131727,0.443565,0.836206,0.708788,0.929303
train_0364.png,train,0,11.878,27.1171,2.3111,12498,62.27,0.646337,0.389636,0.155546,0.078931,0.345966
train_0365.png,train,0,9.6184,28.662,3.2264,91043,139.29,0.269732,0.582751,0.613192,0.905723,0.77381
train_0366.png,train,0,9.8417,28.6452,3.4877,75517,124.91,0.306948,0.580645,0.743825,0.742293,0.693959
train_0367.png,train,0,12.3958,28.2035,2.1244,6874,43.62,0.732632,0.525439,0.06222,0.019729,0.242346
train_0368.png,train,0,12.8169,28.7872,2.7678,54682,35.32,0.802809,0.5984,0.383877,0.522971,0.196202
train_0369.png,train,0,13.6549,26.2198,2.9084,36272,34.62,0.942483,0.277479,0.454182,0.329186,0.192328
train_0370.png,train,0,10.7306,28.1839,3.3636,69957,103.55,0.4551,0.522992,0.681787,0.683766,0.575252
train_0371.png,train,1,13.1183,28.0113,2.8733,51711,27.16,0.853055,0.501417,0.436628,0.491701,0.15089
train_0372.png,train,0,9.6742,28.7871,3.4634,84176,141.56,0.279028,0.598383,0.731685,0.833432,0.786428
train_0373.png,train,0,11.7527,26.8863,3.259,62186,91.67,0.625449,0.360794,0.629509,0.601958,0.50929
train_0374.png,train,0,8.8333,28.6558,3.6592,85921,142.96,0.138888,0.581969,0.829584,0.851806,0.794235
train_0375.png,train,0,9.7951,27.5974,3.3593,79623,154.14,0.299182,0.449678,0.679652,0.78551,0.856355
train_0376.png,train,1,12.8551,28.384,2.5171,51406,27.27,0.809192,0.547997,0.25857,0.488486,0.151512
train_0377.png,train,0,10.0694,28.4999,3.7807,75619,128.4,0.344905,0.562491,0.890363,0.743365,0.713319
train_0378.png,train,0,9.5236,28.0754,3.7922,97917,146.82,0.253929,0.50943,0.896084,0.978077,0.815689
train_0379.png,train,0,8.2939,28.1387,3.5975,72294,147.15,0.048983,0.517341,0.79876,0.708358,0.817518
train_0380.png,train,0,8.4786,28.4495,3.5755,88843,162.84,0.079769,0.556191,0.787737,0.882567,0.904689
train_0381.png,train,0,9.9257,28.5027,3.8032,84011,142.6,0.320952,0.562836,0.901587,0.831696,0.792213
train_0382.png,train,0,9.0161,28.352,3.6441,78870,177.23,0.169347,0.543997,0.822067,0.777588,0.984625
train_0383.png,train,0,9.3865,29.0995,3.2121,87078,113.47,0.231083,0.637443,0.606065,0.863989,0.630394
train_0384.png,train,1,11.0549,27.8124,3.4888,67999,115.59,0.509152,0.476552,0.744401,0.663151,0.642189
train_0385.png,train,0,11.0098,27.1062,3.4814,72699,126.92,0.501636,0.388273,0.740707,0.712631,0.705108
train_0386.png,train,0,9.1803,29.2953,3.3732,87437,119.76,0.196713,0.661909,0.686619,0.867758,0.665345
train_0387.png,train,0,9.6888,28.0351,3.6309,79674,165.05,0.28146,0.504385,0.815466,0.786044,0.91697
train_0388.png,train,0,9.5098,28.0309,3.3959,84836,141.56,0.251625,0.503857,0.69796,0.840385,0.786446
train_0389.png,train,1,13.77,27.5006,2.511,35193,14.37,0.96167,0.43757,0.255499,0.317824,0.07986
train_0390.png,train,0,8.55,28.5273,3.7659,70928,161.23,0.091671,0.565914,0.882926,0.693986,0.895744
train_0391.png,train,0,10.7009,26.8759,3.0003,66410,132.37,0.450145,0.359493,0.500145,0.646427,0.7354
train_0392.png,train,0,10.9678,26.717,3.1018,67574,132.85,0.494634,0.339628,0.550908,0.658678,0.738044
train_0393.png,train,0,10.2528,27.8289,3.7484,79176,153.61,0.375474,0.478614,0.874207,0.780807,0.853408
train_0394.png,train,1,12.5411,27.8013,2.193,7932,41.88,0.756856,0.475162,0.096492,0.03087,0.232682
train_0395.png,train,1,12.1474,27.5925,3.0309,52992,53.09,0.691232,0.449062,0.515451,0.505185,0.294934
train_0396.png,train,1,13.3265,28.7518,2.656,49255,12.29,0.887756,0.593979,0.328006,0.465851,0.068279
train_0397.png,train,1,13.2861,26.7408,2.2665,11716,27.97,0.881024,0.342606,0.133256,0.070702,0.155374
train_0398.png,train,0,10.4183,27.2059,3.428,70761,140.15,0.403052,0.400738,0.714004,0.692225,0.778624
train_0399.png,train,1,13.7144,28.5431,2.9721,53744,15.85,0.952405,0.567892,0.486043,0.513103,0.088073
train_0400.png,train,1,13.8103,25.6876,2.1045,33195,14.99,0.968377,0.210956,0.052249,0.296797,0.083277
train_0401.png,train,0,9.6115,28.2704,3.5638,82419,167.6,0.268583,0.533803,0.781894,0.814941,0.931105
train_0402.png,train,0,10.5374,26.9468,3.1676,71216,148.82,0.422894,0.368349,0.583821,0.69702,0.82675
train_0403.png,train,0,10.0561,26.3182,3.4309,63968,128.99,0.342679,0.289771,0.715433,0.620717,0.716589
train_0404.png,train,1,13.7872,27.9005,2.3109,27398,5.92,0.964531,0.487567,0.155429,0.235775,0.032876
train_0405.png,train,1,13.5542,28.7356,3.0239,53281,18.75,0.925698,0.591954,0.511954,0.508229,0.104179
train_0406.png,train,0,8.7612,27.4677,3.6135,68504,141.97,0.126867,0.433464,0.806761,0.668465,0.78871
train_0407.png,train,0,9.4016,28.6802,3.2132,86745,151.1,0.233602,0.585019,0.606595,0.86048,0.839431
train_0408.png,train,1,13.9379,27.3084,2.0964,23363,7.59,0.989645,0.413547,0.048188,0.193302,0.042185
train_0409.png,train,0,9.3914,28.2619,3.8763,90758,172.65,0.231895,0.53274,0.938133,0.902724,0.959147
train_0410.png,train,0,11.0361,26.7749,3.1165,61617,119.74,0.506025,0.346863,0.558253,0.595969,0.665212
train_0411.png,train,0,11.1207,27.079,3.4218,72014,125.94,0.520112,0.384872,0.710888,0.705419,0.699651
train_0412.png,train,0,9.379,28.1264,3.6637,97551,140.78,0.229841,0.515798,0.831853,0.97423,0.782099
train_0413.png,train,1,13.5288,28.4092,2.2998,38442,6.54,0.921461,0.551146,0.149905,0.352026,0.036318
train_0414.png,train,0,9.015,28.527,3.7171,80969,172.6,0.169161,0.565881,0.858546,0.799683,0.958887
train_0415.png,train,1,11.9854,27.4681,2.7204,32043,64.25,0.664231,0.433509,0.360211,0.284673,0.356969
train_0416.png,train,1,12.562,28.1754,2.8024,54466,38.88,0.760331,0.52192,0.401208,0.520701,0.216011
train_0417.png,train,0,9.67,28.9185,3.3489,93582,143.1,0.278329,0.614814,0.67444,0.932445,0.79501
train_0418.png,train,0,8.4379,28.1682,3.5433,83608,155.32,0.072984,0.521019,0.77164,0.827454,0.8629
train_0419.png,train,0,11.7138,26.881,3.2564,62418,93.46,0.61896,0.360123,0.62819,0.604402,0.519198
train_0420.png,train,0,11.2879,28.2086,2.9482,70603,81.41,0.547976,0.52608,0.474095,0.690568,0.452272
train_0421.png,train,0,8.5143,27.6062,3.7025,73429,166.33,0.085724,0.450773,0.851263,0.720307,0.924066
train_0422.png,train,1,11.9065,27.622,2.1205,7300,59.51,0.651079,0.452746,0.060271,0.024219,0.330626
train_0423.png,train,1,10.9776,28.0061,2.9441,61551,99.68,0.49626,0.500764,0.472058,0.595278,0.553752
train_0424.png,train,1,12.2197,27.8821,2.9976,52766,49.41,0.703278,0.485258,0.498822,0.502802,0.274486
train_0425.png,train,0,11.9574,27.2671,2.4299,16617,59.7,0.659571,0.408386,0.214931,0.122294,0.331647
train_0426.png,train,1,13.8609,26.669,2.4652,35776,14.54,0.976819,0.333627,0.23259,0.323962,0.080785
train_0427.png,train,0,9.3928,28.1689,3.8612,90691,158.66,0.232132,0.521118,0.930616,0.90202,0.881442
train_0428.png,train,0,9.9247,29.2016,3.4796,76517,125.08,0.32078,0.650196,0.73979,0.752814,0.694872
train_0429.png,train,0,8.4576,30.2509,3.6993,86486,151.4,0.076268,0.781365,0.849643,0.857751,0.841085
train_0430.png,train,1,13.8989,27.1908,2.3332,29110,1.13,0.983155,0.398856,0.166584,0.253798,0.006261
train_0431.png,train,1,13.4595,24.5282,2.4525,41889,37.46,0.90992,0.066029,0.226242,0.388307,0.208121
train_0432.png,train,1,13.8361,28.0737,3.1587,48335,23.64,0.972683,0.509212,0.579347,0.456166,0.131343
train_0433.png,train,1,13.7582,27.7577,2.2515,32249,4.37,0.959698,0.469715,0.125728,0.286836,0.024292
train_0434.png,train,0,8.6422,27.6188,3.5761,75262,173.8,0.107034,0.452352,0.788034,0.739604,0.965572
train_0435.png,train,1,12.7034,28.6145,2.5715,54566,32.41,0.783903,0.576809,0.285743,0.521751,0.18008
train_0436.png,train,0,8.6615,28.645,3.8244,81093,176.66,0.110251,0.580621,0.9122,0.800989,0.981454
train_0437.png,train,0,10.3152,28.9586,3.7226,82242,134.34,0.385867,0.619825,0.861293,0.813078,0.746313
train_0438.png,train,0,9.9227,29.8035,3.5007,82286,143.43,0.320445,0.725443,0.750349,0.81354,0.796855
train_0439.png,train,1,10.9545,27.0677,2.9945,54539,103.75,0.492414,0.38346,0.497263,0.521468,0.576395
train_0440.png,train,1,13.548,24.0971,2.3598,30906,29.84,0.924668,0.012132,0.179904,0.272704,0.165772
train_0441.png,train,0,9.1833,29.1507,3.4552,89221,124.06,0.197218,0.643836,0.727614,0.886539,0.689211
train_0442.png,train,0,9.3654,28.3244,3.7755,97675,135.01,0.227572,0.540551,0.887764,0.975529,0.75008
train_0443.png,train,1,13.6265,27.8391,3.0092,48372,24.27,0.937756,0.479889,0.504586,0.456555,0.134836
train_0444.png,train,1,11.279,26.1327,2.9945,69705,118.75,0.546494,0.266584,0.497256,0.681114,0.65971
train_0445.png,train,0,10.3395,26.8579,3.2269,65323,133.96,0.389923,0.357237,0.613428,0.634979,0.744249
train_0446.png,train,0,8.7904,28.9786,3.2093,98747,149.34,0.131729,0.622328,0.604629,0.986818,0.829641
train_0447.png,train,0,8.365,28.7046,3.7826,82759,163.7,0.060829,0.588078,0.891284,0.818519,0.909461
train_0448.png,train,0,9.0328,26.9396,3.5736,63683,139.15,0.172125,0.367451,0.786795,0.617718,0.773083
train_0449.png,train,1,14.0,26.7191,2.0834,24468,3.02,1.0,0.339891,0.041689,0.204928,0.016792
train_0450.png,train,1,9.9667,28.7674,3.8857,88270,149.36,0.327778,0.59592,0.942844,0.87653,0.829773
train_0451.png,train,0,9.0366,29.5053,3.852,77096,148.27,0.172767,0.688166,0.925976,0.758914,0.823695
train_0452.png,train,1,13.8683,25.8093,2.2658,28348,12.89,0.978049,0.226166,0.1329,0.245771,0.071603
train_0453.png,train,0,8.6195,28.4919,3.4423,90264,156.48,0.103248,0.561489,0.721126,0.897517,0.869319
train_0454.png,train,1,13.7258,25.6108,2.5351,38978,25.58,0.954302,0.201352,0.26756,0.357667,0.142085
train_0455.png,train,0,8.0443,31.8426,2.2853,42134,82.32,0.007385,0.980321,0.142659,0.390888,0.45735
train_0456.png,train,1,13.357,24.0,2.4086,31787,35.83,0.892841,0.0,0.204288,0.281975,0.19903
train_0457.png,train,0,8.2614,28.9264,3.7648,73021,150.86,0.043567,0.615804,0.882415,0.716017,0.838091
train_0458.png,train,0,8.2139,30.3662,3.5419,91474,149.92,0.035645,0.795771,0.770928,0.91026,0.832868
train_0459.png,train,1,11.2961,27.7644,3.147,53068,74.24,0.549352,0.470548,0.573497,0.505989,0.412464
train_0460.png,train,0,8.5009,28.7717,3.8185,73311,158.73,0.083484,0.596462,0.909258,0.719072,0.881824
train_0461.png,train,1,12.0006,26.9652,2.4388,15310,59.89,0.666768,0.370654,0.219389,0.108531,0.332744
train_0462.png,train,0,9.9076,29.5782,3.7406,87344,140.56,0.317939,0.697271,0.870297,0.86678,0.780897
train_0463.png,train,0,10.7484,26.865,3.1969,62551,126.61,0.458071,0.358124,0.598457,0.605805,0.703399
train_0464.png,train,0,8.0674,31.7571,2.2492,41277,81.12,0.011225,0.969643,0.124622,0.381869,0.450683
train_0465.png,train,0,8.3217,28.8014,3.8966,73150,166.33,0.053619,0.60017,0.948291,0.717374,0.924037
train_0466.png,train,1,12.9392,28.5425,2.5878,50686,22.42,0.823204,0.567815,0.293884,0.480907,0.124554
train_0467.png,train,0,10.0399,26.6225,3.3959,74065,136.05,0.339981,0.327818,0.697933,0.727001,0.755817
train_0468.png,train,0,9.9282,29.2284,3.3913,81220,123.94,0.321368,0.653552,0.695657,0.802323,0.68854
train_0469.png,train,1,10.9555,27.254,3.3947,67337,103.83,0.492582,0.406751,0.697352,0.656182,0.576833
train_0470.png,train,1,13.8984,26.8518,2.1037,24871,8.59,0.983068,0.356478,0.051863,0.209176,0.047724
train_0471.png,train,1,13.9959,26.4568,2.1006,25433,6.13,0.999323,0.307098,0.050295,0.21509,0.034043
train_0472.png,train,0,12.1092,26.9381,2.3728,12660,57.41,0.684873,0.367259,0.186401,0.080636,0.318928
train_0473.png,train,0,9.7459,27.8011,3.5612,79409,165.23,0.290984,0.475135,0.780609,0.783253,0.917953
train_0474.png,train,1,10.1573,28.9744,3.5831,69461,109.75,0.359546,0.621805,0.791571,0.678547,0.609696
train_0475.png,train,0,12.3501,27.8698,2.7888,59549,45.94,0.725009,0.483728,0.394419,0.574203,0.255247
train_0476.png,train,1,8.3263,28.2523,3.6067,67373,144.8,0.05438,0.531536,0.803336,0.656568,0.804443
train_0477.png,train,1,12.7292,28.8694,2.0823,7311,31.01,0.788203,0.608677,0.041157,0.024335,0.172258
train_0478.png,train,0,9.0194,27.6583,3.6406,73787,174.76,0.169905,0.457289,0.820277,0.724075,0.970867
train_0479.png,train,0,10.7712,26.9889,3.1048,69679,126.05,0.461872,0.373607,0.552417,0.680836,0.70028
train_0480.png,train,0,9.2584,28.2963,3.3344,89270,150.99,0.209738,0.537038,0.667218,0.887056,0.838858
train_0481.png,train,1,13.6668,29.0738,3.0875,50014,16.99,0.944475,0.634225,0.54374,0.473832,0.094385
train_0482.png,train,0,9.2501,27.7321,3.7377,82144,145.13,0.208356,0.466506,0.868857,0.812046,0.806259
train_0483.png,train,0,8.3454,28.5563,3.8665,73269,166.79,0.057561,0.569536,0.933227,0.718622,0.926601
train_0484.png,train,0,9.8434,29.3794,3.9369,87297,146.75,0.307233,0.672421,0.96846,0.86629,0.815295
train_0485.png,train,0,13.5521,28.6253,3.0755,54336,22.79,0.925349,0.578161,0.537757,0.519333,0.126611
train_0486.png,train,1,13.31,24.3089,2.4401,28542,35.84,0.884999,0.038615,0.220034,0.247814,0.199119
train_0487.png,train,0,12.272,28.084,3.0318,56101,52.66,0.711992,0.510498,0.515921,0.537909,0.292531
train_0488.png,train,0,11.2992,27.641,2.8702,51341,84.86,0.549867,0.455129,0.435117,0.487809,0.471444
train_0489.png,train,0,11.0949,27.6837,3.1614,67847,114.39,0.515821,0.460459,0.580676,0.661548,0.635504
train_0490.png,train,0,8.8771,28.2477,3.6959,80353,177.42,0.146177,0.530965,0.84793,0.793191,0.985672
train_0491.png,train,0,11.5631,27.0624,2.786,63924,90.78,0.593843,0.382795,0.392988,0.620262,0.504309
train_0492.png,train,0,9.5596,26.5527,3.3534,69879,145.65,0.259937,0.319091,0.676717,0.682944,0.809192
train_0493.png,train,1,13.5452,27.7677,2.4064,43909,12.01,0.9242,0.470968,0.203177,0.409572,0.066738
train_0494.png,train,0,9.0882,29.5776,3.3754,87855,156.38,0.181365,0.697205,0.687703,0.872168,0.8688
train_0495.png,train,0,9.8168,27.2727,3.6898,74947,149.31,0.302803,0.409083,0.844883,0.736285,0.829524
train_0496.png,train,1,13.8415,27.4223,2.2609,29580,6.41,0.973581,0.427787,0.130457,0.25874,0.035628
train_0497.png,train,1,13.9415,26.2715,2.2001,25636,7.83,0.990249,0.283933,0.10006,0.217228,0.04351
train_0498.png,train,1,13.7131,28.8353,3.0631,50558,17.96,0.952189,0.604414,0.531546,0.479565,0.099769
train_0499.png,train,0,9.9062,29.6324,3.5407,76103,128.8,0.317699,0.704049,0.770334,0.748456,0.715544
train_0500.png,train,1,13.1381,28.7101,2.5891,52512,14.22,0.856351,0.588765,0.29455,0.500136,0.078994
train_0501.png,train,1,13.0569,28.664,2.5178,50340,16.84,0.842823,0.582999,0.258908,0.477273,0.093553
train_0502.png,train,0,9.8458,27.8037,3.2248,73311,122.86,0.307637,0.475461,0.612402,0.719068,0.682555
train_0503.png,train,0,9.2429,28.8701,3.9244,93027,148.93,0.207154,0.608762,0.962179,0.926601,0.827384
train_0504.png,train,1,11.8245,27.154,3.026,64281,85.61,0.637409,0.394244,0.513025,0.624015,0.47562
train_0505.png,train,0,9.589,27.8869,3.7508,97273,139.51,0.264836,0.485859,0.875403,0.971295,0.775035
train_0506.png,train,0,12.7435,25.9895,2.2976,10497,45.51,0.790587,0.248686,0.148808,0.057864,0.25286
train_0507.png,train,0,8.3068,28.0508,3.581,72211,149.22,0.051126,0.506353,0.790502,0.707488,0.82902
train_0508.png,train,0,9.8821,27.8784,3.9051,77231,136.01,0.313679,0.484795,0.952534,0.760328,0.755585
train_0509.png,train,1,13.2308,27.6296,2.9649,55871,38.66,0.871801,0.453699,0.482428,0.535489,0.214803
train_0510.png,train,0,9.6116,29.6877,3.5715,86649,159.67,0.268597,0.710958,0.785769,0.859468,0.88706
train_0511.png,train,1,13.921,27.1242,2.2993,26630,3.29,0.98683,0.390526,0.149673,0.227689,0.018278
train_0512.png,train,0,13.6037,25.0002,2.21,37731,26.76,0.933946,0.125021,0.10501,0.344547,0.148653
train_0513.png,train,1,13.4147,28.7219,2.9874,57940,22.99,0.902446,0.590239,0.493694,0.557271,0.127695
train_0514.png,train,1,13.4267,28.2335,3.0616,53227,32.27,0.904447,0.529186,0.530804,0.507662,0.179303
train_0515.png,train,0,9.3804,28.2397,3.7514,94731,147.39,0.230058,0.529966,0.875695,0.94454,0.818815
train_0516.png,train,0,8.7919,28.5079,3.7636,80542,180.0,0.131975,0.563489,0.881822,0.795185,1.0
train_0517.png,train,0,9.514,29.0844,3.773,86738,139.21,0.252331,0.635546,0.886494,0.860408,0.77339
train_0518.png,train,1,13.7797,25.0454,2.2122,29725,16.07,0.963277,0.13067,0.106089,0.260274,0.089286
train_0519.png,train,0,10.0792,27.5563,3.2022,67392,118.61,0.346538,0.444538,0.60108,0.656763,0.658924
train_0520.png,train,1,11.0182,27.0578,3.4888,72684,129.42,0.503032,0.382226,0.744388,0.712472,0.719021
train_0521.png,train,0,10.4719,28.4537,3.2379,63618,106.63,0.411989,0.556707,0.618926,0.617037,0.592415
train_0522.png,train,1,13.7825,27.0485,2.326,34834,3.76,0.96375,0.38106,0.163014,0.314042,0.020895
train_0523.png,train,1,13.6186,24.6116,2.5532,39715,35.17,0.936442,0.076455,0.27662,0.365421,0.19537
train_0524.png,train,1,12.4963,27.9469,2.9784,58243,43.75,0.749385,0.493359,0.489213,0.560459,0.243076
train_0525.png,train,0,9.3159,29.332,3.5019,97550,148.81,0.21931,0.666495,0.750931,0.974216,0.826745
train_0526.png,train,0,10.0236,28.9757,3.4171,79301,120.25,0.337262,0.621966,0.708564,0.782123,0.668062
train_0527.png,train,1,11.1694,27.4746,3.2586,67005,110.33,0.528241,0.434322,0.629323,0.652685,0.612917
train_0528.png,train,1,12.8318,28.4773,2.5121,52369,20.84,0.805294,0.559668,0.256047,0.498624,0.115797
train_0529.png,train,0,9.1622,26.8649,3.5687,62514,140.16,0.193704,0.358108,0.784357,0.605412,0.778663
train_0530.png,train,0,10.8989,27.9288,3.2455,74685,125.52,0.483152,0.491104,0.622755,0.733533,0.697353
train_0531.png,train,1,13.9881,26.5488,2.0292,29689,4.76,0.998021,0.318599,0.014616,0.259893,0.026463
train_0532.png,train,1,12.7743,27.8106,2.2166,7464,36.05,0.79572,0.47632,0.108302,0.025947,0.200288
train_0533.png,train,0,12.7018,26.2839,2.3783,11578,46.19,0.783629,0.285485,0.189154,0.06925,0.256587
train_0534.png,train,0,8.5182,28.0677,3.8022,68726,165.77,0.086361,0.508458,0.901079,0.6708,0.920951
train_0535.png,train,1,12.8493,28.2893,2.6933,44913,24.09,0.808223,0.536166,0.346662,0.420144,0.133826
train_0536.png,train,0,8.9998,29.3659,3.3796,88836,130.71,0.166627,0.670742,0.689823,0.882493,0.726148
train_0537.png,train,0,9.8116,27.6872,3.893,82161,143.49,0.301939,0.460894,0.94649,0.812221,0.797194
train_0538.png,train,0,9.389,28.1324,3.3155,89723,149.64,0.231505,0.516554,0.657762,0.891823,0.831346
train_0539.png,train,1,12.5499,28.2413,2.8918,60022,42.92,0.758322,0.530162,0.445876,0.57918,0.238463
train_0540.png,train,1,12.8162,27.6902,2.2875,8223,36.09,0.802701,0.461272,0.143762,0.033931,0.200489
train_0541.png,train,1,12.6364,28.2631,2.1741,7271,37.02,0.772738,0.532887,0.087042,0.023909,0.205661
train_0542.png,train,0,9.8571,28.4282,3.1801,89914,120.58,0.30952,0.553519,0.590069,0.893834,0.669888
train_0543.png,train,0,10.8999,28.1314,2.9251,64019,102.2,0.483319,0.516427,0.462539,0.621261,0.567775
train_0544.png,train,1,12.4563,28.5635,2.6432,55287,49.76,0.742718,0.570441,0.32158,0.529347,0.276472
train_0545.png,train,0,10.3404,28.5873,3.3772,64033,104.45,0.390061,0.573414,0.68862,0.621409,0.58026
train_0546.png,train,0,10.6916,28.1032,3.0723,56467,93.91,0.448607,0.512897,0.536141,0.541759,0.521697
train_0547.png,train,1,9.2702,27.8241,3.4713,76914,131.3,0.2117,0.478014,0.735628,0.75699,0.72946
train_0548.png,train,0,9.7695,27.7983,3.2618,79892,153.36,0.294924,0.474784,0.630892,0.788346,0.851977
train_0549.png,train,1,13.9014,27.344,2.2582,28156,2.69,0.983571,0.418005,0.129108,0.243754,0.014937
train_0550.png,train,1,13.4399,28.5293,3.0434,56457,25.04,0.906647,0.566162,0.521684,0.54166,0.139126
train_0551.png,train,0,8.7842,27.6499,3.6779,72534,169.76,0.130702,0.456241,0.838961,0.71089,0.94311
train_0552.png,train,0,9.8799,29.0682,3.1598,93984,133.11,0.313321,0.633525,0.579902,0.936677,0.739487
train_0553.png,train,1,13.2864,28.9552,2.8038,55029,17.8,0.881072,0.619398,0.401915,0.526631,0.098869
train_0554.png,train,0,9.014,29.4261,3.7789,77029,148.15,0.169003,0.678259,0.889456,0.758207,0.823049
train_0555.png,train,0,9.987,28.2337,3.4166,89943,138.69,0.331166,0.529208,0.708319,0.894146,0.770494
train_0556.png,train,1,13.4967,28.2759,3.0544,54746,22.94,0.916112,0.534483,0.527222,0.523649,0.127438
train_0557.png,train,0,9.6548,27.9169,3.5631,81837,168.47,0.275805,0.489608,0.781567,0.808812,0.93597
train_0558.png,train,0,11.1263,27.4039,3.279,70318,121.31,0.521057,0.425487,0.6395,0.687568,0.67395
train_0559.png,train,0,8.5188,29.2023,3.597,93171,148.19,0.086461,0.650289,0.798498,0.928118,0.823294
train_0560.png,train,0,12.9567,28.6942,2.8984,58429,31.27,0.826122,0.586776,0.449202,0.562418,0.173748
train_0561.png,train,0,9.7944,27.9596,3.6814,78427,161.3,0.299066,0.494951,0.840721,0.772923,0.896108
train_0562.png,train,1,13.8339,26.9941,2.0583,31577,6.91,0.972317,0.374263,0.029132,0.279763,0.038399
train_0563.png,train,1,12.8724,28.3825,2.6561,47644,23.38,0.812064,0.547814,0.328032,0.448888,0.1299
train_0564.png,train,0,9.5935,28.4636,3.3847,90918,143.7,0.265579,0.557953,0.692356,0.904406,0.798354
train_0565.png,train,0,9.645,28.284,3.3591,87974,144.71,0.274164,0.535495,0.679537,0.873412,0.803918
train_0566.png,train,1,9.3365,29.1466,3.2188,85768,111.55,0.222748,0.643331,0.609392,0.850191,0.619736
train_0567.png,train,1,13.8602,25.3497,2.2448,26814,16.93,0.976693,0.168715,0.122389,0.229626,0.094047
train_0568.png,train,0,9.5729,28.7812,3.4995,87126,155.05,0.262147,0.597645,0.749738,0.864488,0.86137
train_0569.png,train,0,8.8027,27.5332,3.6451,73979,174.44,0.133777,0.441652,0.822542,0.726097,0.969137
train_0570.png,train,0,8.8215,27.6257,3.7837,67174,167.42,0.136912,0.453209,0.891836,0.654467,0.930092
train_0571.png,train,0,10.3884,27.5303,3.4193,69192,141.5,0.398075,0.44129,0.709664,0.675711,0.786105
train_0572.png,train,1,13.6788,28.6735,2.8563,47873,13.7,0.946472,0.584185,0.428174,0.451301,0.076106
train_0573.png,train,1,13.3185,26.7465,2.2192,12420,26.19,0.886416,0.343316,0.109606,0.07811,0.145481
train_0574.png,train,0,10.533,26.6702,2.988,69172,141.62,0.422174,0.333781,0.493976,0.6755,0.786792
train_0575.png,train,0,8.717,27.5,3.6722,73114,169.84,0.119493,0.437498,0.836102,0.716997,0.943537
train_0576.png,train,1,11.793,28.1215,2.7151,59974,72.51,0.632174,0.515189,0.357572,0.578675,0.402854
train_0577.png,train,0,10.9893,27.9115,3.3549,69904,97.39,0.498219,0.488934,0.677452,0.683201,0.541033
train_0578.png,train,0,8.3404,28.4023,3.5719,80049,148.51,0.05673,0.550294,0.785943,0.789991,0.825083
train_0579.png,train,0,9.1458,27.7113,3.7206,79496,175.08,0.190973,0.463913,0.860287,0.784171,0.972672
train_0580.png,train,1,13.851,27.3659,2.1925,27325,1.23,0.975167,0.420737,0.096246,0.235009,0.00685
train_0581.png,train,1,13.5751,27.484,2.3565,44658,5.11,0.929181,0.435502,0.178238,0.417462,0.028414
train_0582.png,train,0,10.9482,27.8614,3.483,67956,116.03,0.491372,0.482678,0.741479,0.662701,0.644601
train_0583.png,train,0,9.07,28.0896,3.5895,79941,175.47,0.17834,0.511199,0.794765,0.788855,0.97483
train_0584.png,train,1,12.7923,27.7779,2.2272,7189,35.75,0.798717,0.472234,0.113616,0.02305,0.198612
train_0585.png,train,1,13.7396,27.845,2.3014,24245,7.11,0.956604,0.48063,0.150703,0.202579,0.039495
train_0586.png,train,0,9.1179,29.2762,3.2367,98864,142.93,0.186312,0.659525,0.618338,0.988044,0.794042
train_0587.png,train,1,10.5305,28.0349,3.5682,69457,112.18,0.421746,0.50436,0.784108,0.678501,0.623243
train_0588.png,train,0,9.689,28.9345,3.1336,93394,137.92,0.281492,0.616819,0.566813,0.930469,0.766242
train_0589.png,train,0,10.5691,26.6851,3.4014,67855,138.44,0.428175,0.335632,0.700683,0.661636,0.769092
train_0590.png,train,1,13.1298,29.0682,2.7855,54852,22.98,0.854959,0.633526,0.392751,0.524761,0.127645
train_0591.png,train,0,8.0414,31.8515,2.2815,42053,82.22,0.006908,0.981434,0.140766,0.390032,0.456761
train_0592.png,train,0,9.7493,28.9477,3.7755,77836,143.18,0.291558,0.618466,0.887757,0.766695,0.795434
train_0593.png,train,0,9.5592,28.8334,3.1874,89985,138.97,0.259867,0.604181,0.593683,0.894585,0.772074
train_0594.png,train,1,11.8487,28.0865,2.7276,61795,70.53,0.641458,0.510818,0.363803,0.597843,0.391823
train_0595.png,train,1,13.8137,25.5029,2.2235,26159,15.93,0.968946,0.187863,0.111753,0.222729,0.088475
train_0596.png,train,0,9.8262,29.6215,3.9943,88000,146.88,0.304366,0.702687,0.997154,0.873687,0.81601
train_0597.png,train,1,12.8434,28.2842,2.6972,49163,33.03,0.807225,0.535528,0.348582,0.464874,0.183474
train_0598.png,train,1,13.4991,28.4138,2.4457,28817,15.58,0.916522,0.551731,0.222847,0.250709,0.086575
train_0599.png,train,1,10.6441,27.3823,3.0725,64833,122.56,0.440692,0.422794,0.536233,0.62983,0.680874
train_0600.png,train,0,11.7491,27.0905,2.8142,63586,86.02,0.624846,0.386317,0.407124,0.616699,0.477908
train_0601.png,train,1,13.5693,27.613,2.8158,32993,23.76,0.928217,0.451627,0.407913,0.294673,0.132027
train_0602.png,train,0,10.1609,26.9007,3.4475,60246,113.9,0.360157,0.362586,0.723753,0.581539,0.632799
train_0603.png,train,1,11.426,27.899,2.7993,48958,77.56,0.571001,0.487377,0.399654,0.462719,0.430915
train_0604.png,train,0,10.3072,28.3452,3.4824,66300,112.58,0.384538,0.543149,0.741183,0.645266,0.625446
train_0605.png,train,0,10.548,28.4094,3.2399,75397,119.23,0.424665,0.551177,0.619934,0.741031,0.662375
train_0606.png,train,0,10.7133,26.9113,3.133,61632,118.96,0.452224,0.363912,0.566488,0.59613,0.660865
train_0607.png,train,0,13.2748,24.1675,2.4776,31064,37.53,0.879128,0.020942,0.238815,0.274364,0.208477
train_0608.png,train,1,12.4734,28.6222,2.6244,53842,50.17,0.745568,0.577778,0.312208,0.514136,0.2787
train_0609.png,train,0,11.3759,28.0901,3.0071,70280,79.02,0.562644,0.511265,0.503535,0.687159,0.438994
train_0610.png,train,1,13.3525,26.3478,2.3024,40141,21.14,0.892085,0.293478,0.151183,0.369908,0.117444
train_0611.png,train,1,13.7883,27.1897,2.6357,40700,17.93,0.964724,0.398708,0.317845,0.375791,0.099616
train_0612.png,train,0,9.3212,28.7334,3.0811,89967,145.54,0.220194,0.591676,0.540534,0.894394,0.80856
train_0613.png,train,1,12.796,28.3069,2.1425,7604,32.27,0.799326,0.538359,0.071256,0.02742,0.179255
train_0614.png,train,1,13.5301,24.229,2.3386,37587,33.18,0.921683,0.028627,0.169294,0.34303,0.184356
train_0615.png,train,1,11.9575,27.6043,3.0601,51539,56.75,0.659587,0.450534,0.530042,0.489884,0.315265
train_0616.png,train,1,13.3303,28.9323,2.8389,58316,18.98,0.888379,0.616541,0.419428,0.561231,0.105419
train_0617.png,train,1,8.9472,27.328,3.3702,74768,170.11,0.157863,0.415999,0.685094,0.734408,0.94508
train_0618.png,train,1,13.9427,26.1091,2.4702,28383,10.53,0.990445,0.263644,0.235114,0.246143,0.058496
train_0619.png,train,1,13.1258,26.8526,2.3171,10552,32.03,0.854304,0.356574,0.158534,0.058446,0.177957
train_0620.png,train,1,13.2808,28.4822,2.931,44535,23.94,0.880137,0.560276,0.465522,0.416162,0.132988
train_0621.png,train,0,10.8685,26.9192,3.0421,68340,132.05,0.478087,0.364906,0.521029,0.666744,0.733593
train_0622.png,train,0,9.5147,29.0891,3.271,84941,114.09,0.252446,0.636134,0.635495,0.841493,0.633814
train_0623.png,train,0,8.5501,28.041,3.6398,66709,144.58,0.091687,0.505129,0.819888,0.649573,0.803228
train_0624.png,train,1,13.4847,28.5706,2.7053,55084,16.25,0.91412,0.571319,0.352657,0.527203,0.090257
train_0625.png,train,0,10.385,27.2822,3.6941,75958,147.58,0.397505,0.410272,0.847029,0.746933,0.819867
train_0626.png,train,0,9.3042,29.3444,3.2531,89268,147.98,0.217359,0.668054,0.626536,0.887038,0.82212
train_0627.png,train,0,8.9558,27.3003,3.6218,69766,166.46,0.159299,0.412542,0.810881,0.681748,0.924753
train_0628.png,train,1,12.8659,26.1854,2.275,11967,41.55,0.81098,0.273175,0.137512,0.073338,0.230815
train_0629.png,train,1,13.0152,28.5648,2.4541,42112,28.71,0.835868,0.570596,0.227051,0.390663,0.159474
train_0630.png,train,1,13.8459,27.3063,2.1213,22183,8.68,0.974316,0.413285,0.060655,0.180883,0.04825
train_0631.png,train,1,13.6177,24.2502,2.2901,28968,26.83,0.936291,0.031278,0.145038,0.252302,0.149067
train_0632.png,train,1,12.7966,28.2309,2.6737,49399,32.82,0.799426,0.528857,0.33686,0.467365,0.182319
train_0633.png,train,0,8.4825,29.4911,3.4507,91442,144.82,0.080424,0.686394,0.725372,0.909921,0.804568
train_0634.png,train,0,9.5938,28.2128,3.7873,98863,145.15,0.265636,0.526598,0.893661,0.98804,0.8064
train_0635.png,train,0,9.2327,30.1204,3.6351,84635,152.27,0.205446,0.765047,0.817552,0.838265,0.845942
train_0636.png,train,0,9.5425,29.4311,3.4449,89390,157.28,0.257083,0.678886,0.722465,0.888323,0.87379
train_0637.png,train,1,13.3522,27.1706,2.1681,12284,22.75,0.892035,0.396325,0.084037,0.076682,0.12638
train_0638.png,train,0,11.1212,27.546,3.2975,66815,113.49,0.520192,0.443256,0.648756,0.650692,0.630484
train_0639.png,train,1,13.9015,27.0772,2.4147,28246,6.75,0.983577,0.384644,0.207338,0.244703,0.037527
train_0640.png,train,0,9.0213,28.871,3.6475,79244,141.91,0.170223,0.60888,0.823764,0.781524,0.788389
train_0641.png,train,1,10.2238,29.174,3.4989,72306,111.58,0.37063,0.646749,0.749459,0.708485,0.619862
train_0642.png,train,1,13.8371,25.7246,2.1449,31920,15.09,0.972857,0.215581,0.072466,0.283371,0.083839
train_0643.png,train,0,9.4438,28.1382,3.6746,100000,141.12,0.240628,0.517273,0.837289,1.0,0.784002
train_0644.png,train,1,13.6317,28.9323,2.9942,55913,14.39,0.938616,0.616534,0.49712,0.53593,0.079972
train_0645.png,train,0,9.7259,29.5736,3.8334,84718,145.49,0.287657,0.696704,0.916716,0.839145,0.808253
train_0646.png,train,0,8.4048,27.7704,3.6521,69566,150.77,0.067461,0.471299,0.82604,0.679651,0.837627
train_0647.png,train,0,8.6625,29.393,3.3468,92038,143.77,0.110425,0.67413,0.673379,0.916197,0.798709
train_0648.png,train,0,9.7739,26.843,3.5231,75213,150.2,0.295653,0.355374,0.761552,0.739094,0.834448
train_0649.png,train,0,8.6093,29.4044,3.317,98710,150.48,0.101557,0.67555,0.65849,0.986425,0.836006
train_0650.png,train,0,8.7665,28.127,3.6834,76370,177.37,0.127749,0.515875,0.841685,0.751268,0.985415
train_0651.png,train,0,9.971,26.9829,3.6717,71583,154.21,0.328503,0.372861,0.83585,0.700883,0.856721
train_0652.png,train,0,11.1616,27.8117,3.0271,66060,109.58,0.526928,0.476458,0.513533,0.642741,0.6088
train_0653.png,train,0,12.766,28.1886,2.209,6759,34.09,0.794338,0.52358,0.104517,0.018517,0.189384
train_0654.png,train,0,10.7535,27.4284,3.1527,66546,117.27,0.45892,0.428551,0.576374,0.647863,0.651478
train_0655.png,train,0,8.8569,29.2973,3.7256,94307,164.75,0.142825,0.662165,0.862779,0.940075,0.915283
train_0656.png,train,0,9.2741,28.9062,3.9646,91061,169.89,0.212358,0.613281,0.98229,0.905909,0.943848
train_0657.png,train,0,8.0,32.0,2.231,40867,80.52,0.0,1.0,0.115493,0.377555,0.447343
train_0658.png,train,0,9.5883,28.2333,3.6188,97240,128.15,0.264713,0.529168,0.80942,0.970957,0.711925
train_0659.png,train,0,11.9694,27.4868,2.317,14138,58.62,0.661572,0.435853,0.158487,0.096193,0.325689
train_0660.png,train,0,9.9246,28.8183,3.1535,92705,130.44,0.320769,0.602288,0.576739,0.923217,0.724689
train_0661.png,train,1,13.3422,26.9385,2.4925,15945,28.82,0.890359,0.367308,0.24623,0.115213,0.160131
train_0662.png,train,0,11.9248,27.509,2.8484,60885,75.06,0.654136,0.43862,0.424187,0.588273,0.416973
train_0663.png,train,1,13.4709,28.621,2.2849,38938,6.72,0.911817,0.577622,0.142429,0.357252,0.037343
train_0664.png,train,0,8.5539,29.0318,3.5615,96862,153.0,0.092315,0.628975,0.780742,0.966973,0.849999
train_0665.png,train,0,10.017,28.8411,3.2904,86985,127.98,0.336169,0.60514,0.645185,0.863007,0.711003
train_0666.png,train,0,9.2498,29.1155,3.6661,95873,157.74,0.208299,0.639439,0.833054,0.956563,0.87632
train_0667.png,train,1,10.5472,28.2598,3.5148,70140,109.07,0.42453,0.532477,0.757381,0.685695,0.605954
train_0668.png,train,0,11.0246,26.9615,3.3101,68755,129.79,0.5041,0.370191,0.655056,0.67111,0.721035
train_0669.png,train,0,8.4105,28.21,3.7526,69069,154.56,0.068423,0.526245,0.876308,0.674415,0.858663
train_0670.png,train,0,10.228,26.6966,3.1291,68902,138.47,0.371326,0.337077,0.564533,0.672658,0.76929
train_0671.png,train,1,13.049,28.7403,2.6569,52030,14.91,0.841499,0.592538,0.328471,0.495054,0.082833
train_0672.png,train,0,9.9014,29.5842,3.4016,89857,136.31,0.316901,0.698031,0.700824,0.893239,0.757293
train_0673.png,train,1,13.1148,27.1448,2.4061,13180,31.35,0.852474,0.393097,0.203049,0.086113,0.174157
train_0674.png,train,0,8.2765,29.4373,3.5752,84746,144.85,0.046077,0.679667,0.78761,0.839437,0.804736
train_0675.png,train,0,9.0182,29.0434,3.6739,95166,155.76,0.169698,0.630426,0.836951,0.949116,0.865321
train_0676.png,train,1,13.4403,28.3863,2.7421,35852,23.44,0.906713,0.548284,0.371061,0.324761,0.130223
train_0677.png,train,0,9.5999,27.7726,3.7386,82572,171.9,0.266649,0.47157,0.869297,0.816556,0.954994
train_0678.png,train,0,9.4901,28.3827,3.6906,90880,126.37,0.248355,0.547838,0.845298,0.904001,0.702051
train_0679.png,train,0,9.4791,29.5111,3.4625,92301,154.56,0.246519,0.688883,0.731241,0.918962,0.85864
train_0680.png,train,1,13.5007,27.2095,2.806,26775,28.9,0.916783,0.401192,0.402986,0.229215,0.160568
train_0681.png,train,0,11.2362,27.913,3.0439,49141,75.34,0.539366,0.48912,0.521928,0.464649,0.41858
train_0682.png,train,0,10.8095,28.194,2.9264,61738,98.02,0.468258,0.52425,0.463191,0.597246,0.544544
train_0683.png,train,1,12.476,28.0091,2.189,10796,42.38,0.745993,0.501138,0.094483,0.061017,0.235424
train_0684.png,train,0,10.0094,26.577,3.4305,73260,142.82,0.334907,0.322121,0.715254,0.718531,0.793461
train_0685.png,train,0,10.0574,29.5866,3.6023,85053,134.31,0.342904,0.698327,0.801158,0.842668,0.746182
train_0686.png,train,0,10.0062,28.8236,3.9641,81073,148.9,0.334363,0.602956,0.982055,0.800769,0.827233
train_0687.png,train,1,12.4658,28.0679,2.9848,57943,45.81,0.744295,0.508484,0.492381,0.557302,0.254484
train_0688.png,train,0,9.5358,29.1717,3.2764,86441,116.08,0.255959,0.646457,0.638212,0.857276,0.644861
train_0689.png,train,0,10.7144,27.2458,3.6164,71587,131.01,0.452394,0.405722,0.808204,0.700924,0.727835
train_0690.png,train,1,13.7917,28.8872,2.9874,48135,12.67,0.965291,0.610906,0.493723,0.454057,0.070411
train_0691.png,train,1,13.126,24.4015,2.524,34246,43.27,0.854332,0.050182,0.261981,0.307857,0.240378
train_0692.png,train,0,13.4694,24.4161,2.4734,41846,38.42,0.911571,0.052006,0.236716,0.387859,0.213423
train_0693.png,train,1,13.3166,28.5327,2.5314,47283,12.92,0.886098,0.566589,0.265711,0.445094,0.07176
train_0694.png,train,0,9.8926,27.706,3.3898,94444,125.64,0.315441,0.463251,0.694894,0.941521,0.698011
train_0695.png,train,0,12.7321,28.7814,2.0872,6667,31.12,0.788679,0.597679,0.043597,0.017556,0.172879
train_0696.png,train,0,11.2697,27.9305,2.9205,64208,100.6,0.544956,0.491311,0.460261,0.623244,0.55887
train_0697.png,train,0,9.7504,28.0736,3.7896,96167,138.88,0.291728,0.509197,0.894795,0.959654,0.771561
train_0698.png,train,0,8.684,29.4007,3.3258,94051,152.93,0.113996,0.675082,0.662913,0.93738,0.849603
train_0699.png,train,0,10.2534,29.2769,3.68,84338,134.79,0.375565,0.659617,0.84,0.835146,0.748854
train_0700.png,train,0,10.5041,28.7346,3.3408,71601,107.23,0.417353,0.591824,0.670378,0.701063,0.595709
train_0701.png,train,1,12.093,28.3145,2.7649,59304,58.32,0.682163,0.539309,0.382446,0.57163,0.323983
train_0702.png,train,1,13.1234,28.6085,2.1545,12657,21.42,0.853904,0.57606,0.077232,0.080607,0.119018
train_0703.png,train,1,11.1235,27.4706,3.2736,71034,118.67,0.520585,0.433819,0.636785,0.695097,0.659292
train_0704.png,train,1,10.8763,27.7948,3.1433,69968,110.22,0.479392,0.474348,0.571633,0.683879,0.612348
train_0705.png,train,1,13.6497,27.9152,2.3657,29705,14.23,0.941622,0.489406,0.18284,0.260061,0.079067
train_0706.png,train,1,13.5442,27.5308,2.8466,31240,24.56,0.924037,0.441346,0.423295,0.276219,0.136466
train_0707.png,train,0,8.4565,29.435,3.5461,97722,156.02,0.076089,0.679374,0.773071,0.976024,0.866793
train_0708.png,train,0,10.6902,27.0396,3.399,70864,144.42,0.448364,0.379955,0.699494,0.693312,0.802327
train_0709.png,train,0,11.5201,28.162,2.8717,67678,76.2,0.58668,0.520248,0.435874,0.659778,0.42331
train_0710.png,train,0,9.9491,27.3682,3.7577,75294,152.31,0.324846,0.421021,0.878869,0.739939,0.846161
train_0711.png,train,0,8.0494,31.7872,2.264,41614,81.63,0.008231,0.973404,0.132019,0.385415,0.453496
train_0712.png,train,1,9.8916,27.3911,3.7658,77938,162.08,0.315272,0.423894,0.8829,0.767774,0.900471
train_0713.png,train,0,13.3033,27.9733,3.0743,36494,38.64,0.883879,0.496665,0.537138,0.331523,0.214694
train_0714.png,train,0,9.1556,27.1438,3.3318,73267,168.6,0.192601,0.392974,0.665884,0.718607,0.936693
train_0715.png,train,1,13.1777,28.8127,2.785,58271,15.46,0.862953,0.60159,0.392493,0.560757,0.08588
train_0716.png,train,0,9.6526,29.1918,3.9997,90134,159.84,0.275435,0.64898,0.999866,0.896152,0.888007
train_0717.png,train,1,13.2248,28.7234,2.7543,58513,14.76,0.870794,0.59042,0.377146,0.563297,0.082023
train_0718.png,train,1,12.3989,27.9741,2.1376,8808,44.75,0.733152,0.496757,0.068805,0.040093,0.248631
train_0719.png,train,0,10.3287,28.5154,3.7453,79069,133.3,0.388124,0.564423,0.872626,0.779677,0.740553
train_0720.png,train,0,8.8366,29.5435,3.6151,94117,151.61,0.13943,0.69294,0.807541,0.938077,0.842271
train_0721.png,train,0,8.2698,30.3966,3.4647,93486,148.1,0.044972,0.799575,0.732341,0.931442,0.822755
train_0722.png,train,0,9.3291,28.2096,3.8021,88138,172.39,0.221512,0.526196,0.901033,0.87514,0.957718
train_0723.png,train,1,13.2739,28.6482,2.5372,50243,13.09,0.878977,0.581024,0.268608,0.476245,0.072741
train_0724.png,train,0,10.5198,27.6419,3.6699,73142,129.69,0.419973,0.455239,0.834949,0.71729,0.720495
train_0725.png,train,0,10.0714,29.0009,3.5827,70189,110.57,0.34523,0.625116,0.79135,0.686202,0.614281
train_0726.png,train,1,13.7631,27.3066,2.4982,31380,16.56,0.960515,0.413319,0.249119,0.277694,0.091984
train_0727.png,train,1,13.7543,28.0085,2.3109,29654,4.71,0.95905,0.501062,0.155457,0.259525,0.026158
train_0728.png,train,0,9.9907,29.1811,3.4123,78709,124.58,0.33178,0.647642,0.706158,0.775888,0.692113
train_0729.png,train,0,8.6967,28.8918,3.5801,97464,153.3,0.116112,0.611477,0.790069,0.973313,0.851672
train_0730.png,train,0,8.5617,29.1089,3.4556,97904,154.24,0.093609,0.638614,0.727788,0.97794,0.856908
train_0731.png,train,0,10.3913,27.2433,3.3608,60108,106.93,0.39855,0.405409,0.680382,0.580085,0.594063
train_0732.png,train,0,11.0626,27.4896,3.2232,68785,121.98,0.510438,0.436203,0.61159,0.67143,0.677672
train_0733.png,train,0,9.1554,28.1233,3.8636,87435,152.45,0.192566,0.515414,0.931822,0.867741,0.846941
train_0734.png,train,1,12.8763,28.9839,2.7179,57948,30.98,0.812715,0.622993,0.358964,0.557353,0.172088
train_0735.png,train,1,13.0492,26.5557,2.3736,10958,36.13,0.841528,0.319466,0.186814,0.062716,0.200734
train_0736.png,train,0,10.5784,28.3513,3.5896,78805,130.38,0.429729,0.543915,0.794813,0.7769,0.724308
train_0737.png,train,0,10.276,26.7588,3.6013,72025,140.72,0.379339,0.344855,0.800647,0.705527,0.781788
train_0738.png,train,0,10.7471,27.7303,3.1064,67787,109.22,0.457843,0.466291,0.553175,0.660925,0.606774
train_0739.png,train,0,9.6628,27.008,3.7726,70521,157.03,0.277133,0.375995,0.886288,0.689705,0.872384
train_0740.png,train,0,8.3374,28.8506,3.7547,82567,152.7,0.056232,0.60632,0.877341,0.816498,0.848354
train_0741.png,train,0,9.0963,28.3294,3.6009,81908,134.92,0.182708,0.54117,0.800458,0.809564,0.749544
train_0742.png,train,0,9.3916,28.6025,3.9061,89815,148.8,0.231925,0.575319,0.953048,0.8928,0.826694
train_0743.png,train,0,9.129,29.1267,3.8271,81684,145.7,0.18816,0.640841,0.913528,0.8072,0.809433
train_0744.png,train,1,10.0968,27.5859,3.7872,68349,125.44,0.349458,0.44824,0.89359,0.666836,0.696915
train_0745.png,train,1,9.5322,26.5483,3.5037,58121,128.81,0.255363,0.318542,0.751867,0.559175,0.715635
train_0746.png,train,0,11.324,26.0515,3.0078,75406,109.82,0.554,0.256439,0.503886,0.741123,0.610099
train_0747.png,train,0,11.0101,27.162,2.9734,55721,103.3,0.501688,0.39525,0.486709,0.533908,0.573874
train_0748.png,train,1,13.3488,24.5177,2.4284,37549,35.83,0.891468,0.06471,0.214221,0.342623,0.199032
train_0749.png,train,0,10.5132,28.3715,3.3439,64841,122.6,0.418871,0.546438,0.671965,0.629907,0.681112
train_0750.png,train,0,11.9879,27.3792,2.1911,8569,58.2,0.66465,0.422406,0.095574,0.037576,0.323317
train_0751.png,train,1,12.8044,28.7301,2.5493,57158,28.09,0.80073,0.591268,0.274637,0.549042,0.156042
train_0752.png,train,1,13.9543,26.6588,2.1642,26643,3.81,0.992389,0.332347,0.082106,0.227829,0.021181
train_0753.png,train,0,9.3548,28.7994,3.817,90492,164.34,0.225803,0.599925,0.908498,0.899923,0.913004
train_0754.png,train,1,13.2802,24.2651,2.5022,29342,37.05,0.880041,0.033139,0.251079,0.256241,0.205827
train_0755.png,train,0,9.0412,29.4291,3.4286,89503,127.02,0.173534,0.678639,0.714294,0.889507,0.70564
train_0756.png,train,1,13.1453,28.7101,2.9316,58178,25.39,0.85755,0.588762,0.465819,0.559774,0.141067
train_0757.png,train,1,13.1871,26.9137,2.2655,10662,30.03,0.864516,0.364208,0.132742,0.059605,0.166807
train_0758.png,train,0,8.7613,29.4422,3.7587,80503,142.0,0.126882,0.680273,0.879372,0.79477,0.78891
train_0759.png,train,0,8.7125,27.7861,3.6768,71637,142.99,0.118755,0.473259,0.838382,0.701443,0.794397
train_0760.png,train,1,13.6443,28.4401,2.6714,52144,14.22,0.940715,0.555013,0.335702,0.496262,0.079023
train_0761.png,train,0,9.5186,29.5751,3.7094,76057,150.19,0.253103,0.696891,0.854677,0.747977,0.83437
train_0762.png,train,1,13.14,26.7908,2.1447,10467,30.37,0.85667,0.348845,0.07236,0.057552,0.168704
train_0763.png,train,0,9.5975,29.1404,3.9077,80738,147.67,0.266253,0.642556,0.953834,0.797242,0.820389
train_0764.png,train,0,12.0229,27.2409,2.3551,13396,58.38,0.67049,0.405115,0.177528,0.08838,0.324314
train_0765.png,train,0,9.9314,28.772,3.9167,87924,151.97,0.3219,0.596494,0.958356,0.872893,0.844262
train_0766.png,train,0,8.9396,27.816,3.6662,73987,177.46,0.156604,0.477002,0.833077,0.726181,0.985899
train_0767.png,train,0,8.3822,30.3079,3.4314,94058,149.05,0.063692,0.788484,0.715713,0.937462,0.828075
train_0768.png,train,1,13.1295,28.4721,2.6194,42296,22.08,0.854918,0.559011,0.309701,0.392596,0.122693
train_0769.png,train,1,11.7765,27.0071,3.0508,65091,87.05,0.629418,0.375885,0.525407,0.632543,0.483625
train_0770.png,train,0,11.3922,28.1236,2.832,65530,92.41,0.565361,0.515454,0.416007,0.63716,0.513384
train_0771.png,train,0,13.5447,25.3408,2.7307,44889,38.91,0.924111,0.167596,0.365337,0.419894,0.216178
train_0772.png,train,0,8.9934,29.2917,3.8384,80023,151.2,0.165568,0.661467,0.919197,0.789717,0.839994
train_0773.png,train,0,8.6157,27.9473,3.402,85790,155.57,0.102623,0.49341,0.701015,0.850422,0.864267
train_0774.png,train,0,9.9311,26.9042,3.5199,73673,136.21,0.321858,0.363024,0.759935,0.722881,0.756721
train_0775.png,train,1,13.484,28.1487,3.0455,54443,26.73,0.913994,0.518588,0.52277,0.520453,0.148522
train_0776.png,train,0,11.2744,27.8028,3.0944,52091,74.66,0.545726,0.475344,0.547197,0.495698,0.414759
train_0777.png,train,0,9.9375,28.9249,3.9205,85533,145.57,0.322915,0.615607,0.960244,0.847724,0.808742
train_0778.png,train,1,13.1926,29.0376,2.7828,55773,15.02,0.865435,0.6297,0.391423,0.534459,0.083417
train_0779.png,train,1,13.7406,26.9372,3.1378,45892,33.65,0.956767,0.367146,0.568885,0.430444,0.186919
train_0780.png,train,1,11.4629,26.7388,3.3381,63943,94.41,0.577157,0.342355,0.669027,0.620461,0.524479
train_0781.png,train,1,13.8312,25.7187,2.2785,22779,14.54,0.971869,0.214839,0.139241,0.187153,0.080778
train_0782.png,train,1,12.7482,28.9156,2.5834,56293,31.4,0.791368,0.614455,0.291716,0.53993,0.174435
train_0783.png,train,0,8.8112,29.0209,3.8189,90956,147.03,0.135192,0.627609,0.909452,0.90481,0.816847
train_0784.png,train,0,8.4983,27.4773,3.6639,68629,154.11,0.083053,0.434668,0.831966,0.669787,0.856193
train_0785.png,train,0,8.5768,28.9123,3.8327,77423,176.56,0.096132,0.614036,0.916361,0.762349,0.980896
train_0786.png,train,0,9.5265,30.6101,3.4117,84743,139.76,0.254422,0.826264,0.705873,0.839404,0.776446
train_0787.png,train,1,13.9092,26.3258,2.3388,21990,8.21,0.984864,0.290722,0.169403,0.178846,0.045631
train_0788.png,train,0,8.0363,31.8602,2.2892,42274,82.52,0.006052,0.982526,0.144582,0.392362,0.45846
train_0789.png,train,0,8.7466,29.9121,3.3843,92621,136.32,0.124439,0.73901,0.692133,0.92233,0.757342
train_0790.png,train,1,13.8803,26.572,2.3457,25535,9.97,0.980045,0.321495,0.172826,0.216167,0.055415
train_0791.png,train,0,9.3585,27.8994,3.2873,72866,122.99,0.226412,0.487422,0.643637,0.714384,0.683278
train_0792.png,train,0,12.8364,28.5123,2.1541,6800,30.77,0.806062,0.564038,0.077042,0.018954,0.170932
train_0793.png,train,1,12.2615,28.0619,3.0495,57764,53.35,0.710244,0.507744,0.524753,0.555412,0.296379
train_0794.png,train,1,13.1666,28.858,2.6771,58780,18.25,0.861096,0.607252,0.33857,0.566112,0.101386
train_0795.png,train,0,10.0697,27.2489,3.8009,75906,149.65,0.344948,0.406106,0.900434,0.746383,0.831399
train_0796.png,train,0,9.4012,27.1182,3.5706,70689,168.03,0.233533,0.389773,0.785279,0.691468,0.933502
train_0797.png,train,0,8.7012,28.704,3.7034,88692,173.49,0.116867,0.588005,0.85171,0.880974,0.963841
train_0798.png,train,0,8.5446,27.9416,3.6436,74399,170.32,0.090766,0.4927,0.821783,0.730518,0.946223
train_0799.png,train,0,9.8661,26.3993,3.472,64386,132.41,0.311019,0.299909,0.736002,0.62512,0.735584
train_0800.png,train,0,10.1979,28.8896,3.4348,71657,127.11,0.366319,0.611194,0.717376,0.701656,0.70614
train_0801.png,train,0,10.6463,27.0796,3.3611,70421,144.01,0.441042,0.384956,0.680552,0.688651,0.800082
train_0802.png,train,1,12.5999,28.5965,2.6026,52117,45.33,0.766654,0.574564,0.301299,0.495974,0.251849
train_0803.png,train,0,9.3983,28.8316,3.7171,86752,169.76,0.233047,0.603944,0.858534,0.860554,0.943115
train_0804.png,train,1,9.3533,29.0449,3.2198,86319,113.35,0.225547,0.630617,0.609902,0.855991,0.629728
train_0805.png,train,0,9.1017,29.2865,3.6625,78138,149.23,0.183618,0.660809,0.831235,0.769875,0.829063
train_0806.png,train,0,10.6094,28.5759,3.1289,70395,104.55,0.434903,0.571993,0.564457,0.688375,0.580835
train_0807.png,train,1,13.604,27.0436,3.1233,43400,35.78,0.933994,0.380447,0.561627,0.404217,0.198786
train_0808.png,train,1,13.6861,26.9926,2.982,42952,29.4,0.947688,0.374079,0.490976,0.399497,0.163344
train_0809.png,train,1,13.8786,26.1579,2.0271,29979,9.61,0.979763,0.269741,0.013532,0.262946,0.053363
train_0810.png,train,0,12.185,26.9046,2.3691,12316,55.75,0.697494,0.363072,0.184532,0.077012,0.309742
train_0811.png,train,1,12.1578,27.2463,3.1937,58777,72.6,0.692972,0.405788,0.596842,0.566077,0.403345
train_0812.png,train,1,13.683,28.8766,2.9718,54359,13.27,0.94716,0.609574,0.485884,0.519569,0.073749
train_0813.png,train,0,9.8597,27.1723,3.8257,74947,154.14,0.309957,0.396543,0.912875,0.736287,0.856345
train_0814.png,train,1,13.9107,26.5963,2.0,28223,4.01,0.985111,0.324533,0.0,0.244456,0.022302
train_0815.png,train,1,13.1056,28.6232,2.5302,40707,24.93,0.850928,0.577897,0.265119,0.375872,0.138479
train_0816.png,train,0,13.6873,25.4833,2.6841,40188,31.83,0.947879,0.185416,0.342047,0.370402,0.17683
train_0817.png,train,0,9.121,29.7493,3.8549,90444,148.06,0.186828,0.718658,0.927465,0.899411,0.822548
train_0818.png,train,0,9.4877,28.4742,3.7917,73000,132.27,0.247942,0.559278,0.895856,0.715796,0.734809
train_0819.png,train,0,9.2053,28.4872,3.7627,87937,170.33,0.200889,0.5609,0.881332,0.873022,0.946267
train_0820.png,train,0,9.4604,28.1249,3.836,99520,147.37,0.243404,0.515611,0.918007,0.994951,0.818703
train_0821.png,train,0,10.7518,28.058,3.0695,56030,91.85,0.458637,0.507255,0.534751,0.537166,0.5103
train_0822.png,train,1,13.7248,27.8116,2.7192,38737,17.85,0.954129,0.476448,0.359607,0.35513,0.099155
train_0823.png,train,1,13.7738,27.7694,3.2755,49855,29.84,0.962293,0.471179,0.637751,0.472165,0.165759
train_0824.png,train,0,10.1466,28.3053,3.8707,83658,141.19,0.35777,0.538167,0.935363,0.827983,0.784396
train_0825.png,train,0,8.4407,29.4444,3.586,95596,153.72,0.073457,0.680551,0.792987,0.953647,0.853988
train_0826.png,train,1,11.4267,27.3455,3.1703,63369,104.15,0.571121,0.418193,0.585147,0.614417,0.578636
train_0827.png,train,0,10.3859,26.7895,3.3892,71066,143.1,0.397646,0.34869,0.694606,0.69544,0.795002
train_0828.png,train,1,12.2871,27.7023,2.9279,56095,48.25,0.714524,0.462783,0.463969,0.537849,0.26808
train_0829.png,train,0,11.1908,27.7358,3.0255,50862,77.83,0.531802,0.466971,0.512737,0.482763,0.432382
train_0830.png,train,0,9.9375,28.8946,3.9599,86789,150.23,0.322921,0.611819,0.979959,0.860944,0.834622
train_0831.png,train,1,13.666,29.0167,3.1178,47950,18.53,0.944325,0.62709,0.558882,0.452107,0.102939
train_0832.png,train,1,11.4159,27.6052,3.1998,54272,72.92,0.569325,0.450647,0.599923,0.518659,0.405094
train_0833.png,train,1,13.4832,28.8826,2.8724,58987,14.69,0.913862,0.610321,0.436204,0.568286,0.081589
train_0834.png,train,1,13.3487,28.6757,2.737,44894,15.46,0.891447,0.58446,0.368513,0.419941,0.085877
train_0835.png,train,0,9.0187,28.9769,3.8657,92534,167.16,0.169783,0.622112,0.932844,0.92142,0.928665
train_0836.png,train,1,13.7603,24.8459,2.2775,28677,18.53,0.960046,0.10574,0.138746,0.249238,0.102925
train_0837.png,train,0,10.0571,28.5439,3.4852,69765,105.47,0.342849,0.567993,0.74259,0.681742,0.585966
train_0838.png,train,0,10.8025,28.2489,2.9048,63705,96.79,0.467077,0.53111,0.452424,0.617953,0.537732
train_0839.png,train,0,9.4539,28.2994,3.7177,97342,130.11,0.242315,0.537421,0.858836,0.972031,0.722836
train_0840.png,train,0,8.906,28.4876,3.5603,80044,137.72,0.150994,0.560956,0.780152,0.789939,0.765094
train_0841.png,train,0,9.9477,27.7961,3.5261,78561,164.76,0.324614,0.474517,0.763065,0.774329,0.915324
train_0842.png,train,0,9.9098,29.7252,3.5353,78467,131.74,0.318301,0.715651,0.767632,0.773341,0.731889
train_0843.png,train,1,13.4477,27.1863,2.6646,21669,27.3,0.907954,0.398287,0.332319,0.175467,0.15166
train_0844.png,train,0,9.4711,27.5955,3.7093,84240,170.83,0.245186,0.44944,0.854639,0.834115,0.949058
train_0845.png,train,1,13.9756,26.921,2.0656,27602,0.0,0.995939,0.365123,0.032802,0.237921,0.0
train_0846.png,train,0,8.9704,29.7082,3.8172,79245,149.23,0.161725,0.713524,0.908623,0.781531,0.829035
train_0847.png,train,1,10.1486,28.5415,3.5107,67465,109.35,0.358098,0.567688,0.755362,0.657527,0.607473
train_0848.png,train,1,13.8757,27.2931,2.1717,27122,1.23,0.97928,0.411643,0.085833,0.232869,0.006836
train_0849.png,train,1,13.7312,27.669,2.285,34403,6.83,0.955202,0.458622,0.142479,0.309511,0.037962
train_0850.png,train,0,9.4758,28.291,3.5821,81812,170.82,0.245974,0.536378,0.791036,0.808548,0.949007
train_0851.png,train,1,12.8312,28.847,2.6994,54098,36.53,0.805205,0.605873,0.349724,0.516826,0.202922
train_0852.png,train,0,9.2713,28.4156,3.1967,90669,148.46,0.211878,0.551946,0.598345,0.901786,0.824778
train_0853.png,train,0,9.6014,27.2661,3.3658,81152,155.06,0.266905,0.408264,0.682906,0.801609,0.861436
train_0854.png,train,1,13.7304,27.176,2.206,36421,2.22,0.955065,0.397,0.102976,0.330755,0.012352
train_0855.png,train,1,12.924,28.6376,2.5868,57582,18.51,0.820659,0.5797,0.293405,0.553501,0.102827
train_0856.png,train,0,8.9907,29.1928,3.7863,79363,161.04,0.165119,0.649104,0.89317,0.782771,0.894689
train_0857.png,train,1,13.5469,27.4288,2.9987,45674,32.32,0.924481,0.428601,0.499356,0.428155,0.179566
train_0858.png,train,1,13.1228,27.0577,2.1954,9194,30.53,0.853796,0.382218,0.097675,0.044153,0.16962
train_0859.png,train,0,9.2507,28.5753,3.4415,86404,143.41,0.208457,0.571906,0.720734,0.856887,0.796724
train_0860.png,train,1,13.7646,25.5875,2.0933,31488,14.92,0.960773,0.198439,0.046627,0.278827,0.082882
train_0861.png,train,0,10.8824,28.1177,3.0006,58634,95.4,0.480398,0.51471,0.500312,0.564574,0.530019
train_0862.png,train,1,13.0387,28.7054,2.8458,60328,20.2,0.839788,0.588174,0.422904,0.582402,0.112207
train_0863.png,train,1,11.4701,27.5168,3.0922,51412,69.12,0.578358,0.439605,0.546092,0.48855,0.383994
train_0864.png,train,0,13.4423,24.5268,2.3142,40411,33.69,0.907057,0.065844,0.157098,0.372753,0.187172
train_0865.png,train,0,9.0645,29.1183,3.5477,71941,128.54,0.177422,0.639793,0.773835,0.70465,0.714137
train_0866.png,train,1,10.5911,26.9002,3.6315,66604,124.64,0.431848,0.362528,0.815749,0.64847,0.692454
train_0867.png,train,0,12.5605,26.2903,2.2383,9293,48.23,0.760086,0.286293,0.119134,0.04519,0.267923
train_0868.png,train,1,13.6303,27.8707,2.8405,40892,22.75,0.938384,0.483838,0.420253,0.377814,0.126412
train_0869.png,train,1,12.8543,26.01,2.3162,11125,42.72,0.809056,0.251247,0.158091,0.064475,0.237322
train_0870.png,train,1,13.5797,28.6055,2.2186,34490,3.52,0.929956,0.57569,0.109313,0.310422,0.019532
train_0871.png,train,1,13.813,28.0461,3.1765,49892,25.11,0.968836,0.505769,0.588269,0.472554,0.139506
train_0872.png,train,0,10.2336,26.833,3.5228,70981,138.54,0.372268,0.354124,0.761391,0.694538,0.769678
train_0873.png,train,0,8.4537,28.8699,3.5887,95416,155.59,0.075621,0.608738,0.794352,0.951748,0.864365
train_0874.png,train,1,12.4815,27.8483,2.7675,52635,43.17,0.746921,0.481039,0.383752,0.501426,0.239815
train_0875.png,train,0,13.6872,26.61,3.1758,44213,38.25,0.947861,0.326252,0.587897,0.412774,0.212521
train_0876.png,train,1,12.1956,27.8301,3.0528,55142,53.35,0.699273,0.478768,0.52642,0.52782,0.296395
train_0877.png,train,0,12.4926,28.3601,2.1193,7653,40.18,0.748768,0.545014,0.059662,0.027935,0.22322
train_0878.png,train,1,13.3902,27.222,2.6867,21758,29.49,0.898369,0.40275,0.343354,0.176409,0.16385
train_0879.png,train,1,12.3475,27.6524,2.178,8721,47.59,0.724588,0.456555,0.089011,0.03917,0.264366
train_0880.png,train,1,12.4575,27.8821,3.0197,59136,45.25,0.742913,0.485262,0.509864,0.569859,0.251365
train_0881.png,train,0,9.065,28.2438,3.7098,80583,179.23,0.177505,0.530476,0.854879,0.795617,0.995695
train_0882.png,train,0,8.9064,29.045,3.6925,74205,148.22,0.151061,0.630627,0.84624,0.728482,0.823418
train_0883.png,train,1,13.3436,28.8499,2.7599,52905,13.79,0.890594,0.606233,0.379952,0.504265,0.076593
train_0884.png,train,1,13.4062,28.2741,2.894,35959,31.09,0.901026,0.534258,0.446998,0.325894,0.172737
train_0885.png,train,0,8.9156,29.0059,3.5742,75038,172.1,0.152596,0.625744,0.787118,0.737244,0.956107
train_0886.png,train,0,9.3778,28.5946,3.1361,89726,148.52,0.229639,0.574327,0.568048,0.891859,0.825109
train_0887.png,train,1,13.8485,27.026,2.1692,22503,10.67,0.974745,0.378254,0.084582,0.184245,0.059301
train_0888.png,train,0,8.5484,28.21,3.676,68716,163.26,0.091394,0.526253,0.837979,0.670697,0.907013
train_0889.png,train,0,13.9154,26.6289,2.0033,28762,3.6,0.985893,0.32861,0.001658,0.250135,0.020002
train_0890.png,train,0,9.8565,29.2525,3.2287,93577,136.86,0.309411,0.65656,0.614334,0.932394,0.760339
train_0891.png,train,0,8.5148,27.5145,3.6896,72621,165.54,0.085799,0.439314,0.844822,0.711809,0.919642
train_0892.png,train,0,11.1958,27.1789,3.3578,71786,123.78,0.532637,0.397357,0.67891,0.703018,0.687667
train_0893.png,train,0,10.555,27.9807,3.4426,71790,116.63,0.425828,0.49759,0.721277,0.70306,0.64795
train_0894.png,train,0,10.0427,27.2787,3.4411,64229,141.41,0.340443,0.409841,0.720545,0.623471,0.785637
train_0895.png,train,0,12.0139,27.1481,2.276,10533,58.62,0.668977,0.393509,0.138009,0.058246,0.325688
train_0896.png,train,0,9.44,28.2212,3.8311,97735,144.09,0.239996,0.52765,0.915561,0.976168,0.800481
train_0897.png,train,1,13.5603,25.3753,2.1425,29946,22.52,0.926721,0.171908,0.071242,0.262598,0.125086
train_0898.png,train,1,13.9409,25.9214,2.331,27230,13.55,0.990153,0.240179,0.165493,0.234009,0.075293
train_0899.png,train,0,9.4871,28.5437,3.6724,84599,143.32,0.247856,0.567962,0.836196,0.837893,0.796247
train_0900.png,train,0,8.6719,28.719,3.838,74031,177.45,0.111981,0.589869,0.919014,0.726647,0.985836
train_0901.png,train,0,8.4642,27.7512,3.6462,68737,154.05,0.077365,0.468905,0.823093,0.670916,0.855846
train_0902.png,train,0,13.5786,24.0575,2.3261,33823,31.15,0.929769,0.007187,0.163031,0.303405,0.17305
train_0903.png,train,0,8.5502,28.8518,3.684,90876,150.03,0.0917,0.606472,0.842008,0.903963,0.833519
train_0904.png,train,0,13.5779,25.8229,2.8037,44813,36.41,0.929644,0.227859,0.401835,0.419087,0.202263
train_0905.png,train,1,13.6749,28.2034,2.6768,37382,14.17,0.945814,0.525426,0.338413,0.340865,0.078713
train_0906.png,train,1,13.7072,28.7023,2.7086,41980,9.74,0.951208,0.58779,0.35429,0.389268,0.054125
train_0907.png,train,0,10.4932,28.596,3.6212,80684,133.2,0.415527,0.574501,0.810594,0.796676,0.74002
